:020000040800F2
:10000000005000208D0A0008690A00086B0A0008E9
:100010006D0A00086F0A0008710A0008000000005D
:10002000000000000000000000000000730A00084B
:10003000750A000800000000770A0008790A000825
:10004000D50A0008D50A0008D50A0008D50A000814
:10005000D50A0008D50A0008D50A0008D50A000804
:10006000D50A0008D50A0008D50A0008D50A0008F4
:10007000D50A0008D50A0008D50A0008D50A0008E4
:10008000D50A0008D50A0008D50A0008D50A0008D4
:100090007D0A0008D50A0008D50A0008D50A00081C
:1000A000D50A0008D50A0008D50A0008D50A0008B4
:1000B000D50A0008D50A0008D50A0008D50A0008A4
:1000C000D50A0008D50A0008D50A0008D50A000894
:1000D000D50A0008D50A0008D50A0008D50A000884
:1000E000D50A0008D50A0008D50A0008000000005B
:1000F0000000000000000000000000000000000000
:1001000000000000000000005FF808F10348044B05
:10011000834202D0034B03B1184770477C01002093
:100120007C010020000000000548064B1B1AD90F77
:1001300001EBA301491002D0034B03B118477047EC
:100140007C0100207C0100200000000010B5064C5E
:10015000237843B9FFF7DAFF044B13B10448AFF338
:1001600000800123237010BD8001002000000000EA
:10017000B03C000808B5054B1BB105490548AFF375
:100180000080BDE80840FFF7CFBF00BF00000000BF
:1001900084010020B03C000803460244934200D191
:1001A000704703F8011BF9E770B500260C4D0D4CA4
:1001B000641BA410A64209D103F07AFD00260A4D63
:1001C0000A4C641BA410A64205D170BD55F8043B2F
:1001D00098470136EEE755F8043B98470136F2E7B9
:1001E0007C3D00087C3D00087C3D0008803D000807
:1001F000024601444FF6FF7030B5084D082412F84E
:10020000013B584040F300032B4083EA5003013C7C
:1002100098B2F7D18A42F1D130BD00BF01A0FFFFF3
:1002200000687047F8B5154B154DD3F8B8624A23EE
:100230002B70130A14466870AA70EB7012B1281D57
:1002400003F028FD271D39460D48FFF7D1FFE8557B
:100250002544000A687101F0B7FA0546D6F8143251
:100260002BB101F0B1FA431BB3F5FA7FF6D3A11D10
:10027000034889B2BDE8F84000F046BB7018002082
:10028000A6050020002310B586B0CDE90233019306
:10029000CDE9040100F012FD01A902A800F092FCD2
:1002A000044600F01DFDB4FA84F0400906B010BD0C
:1002B0002DE9F0410F4606461546002400F0FEFCED
:1002C00007F10108631C9D4294BF6FF0FF0398F98A
:1002D000003018F8012C88BF1B021A433119002383
:1002E000012092B2023400F02FFDA54211D908F18D
:1002F00002080028E6D0002400F0F2FC6CB12A4687
:100300003946304603F09CFCB0FA80F04009BDE865
:10031000F081B0FA80F46409EEE72046F7E70000C8
:1003200000224FF0FF3330B50A4D824201D1D8434D
:1003300030BD02F1006101F5A04109784B40082170
:1003400043F300042C40013984EA5303F8D101320D
:10035000EBE700BF2083B8ED10B5124C124B2268BA
:100360009A421DD14AF6F8336068A0F108029A4219
:1003700016D80E4B1A6802F16042B2F5A04F0FD8A2
:100380005A689A420CD300F1006303F5A0439342EC
:1003900006D9FFF7C5FFA3681B1A5842584110BD84
:1003A0000020FCE700FC00084A4B4C4100500008CC
:1003B00072B6FEE738B5074C0A4623685D1840F66A
:1003C00014018D4205D801460348184403F062FC2D
:1003D000256038BD2C060020300600202DE9F04FA6
:1003E0001025A7B001F0D2F91422002110A8FFF7C0
:1003F000D3FE1422002109A8FFF7CEFE2A460021D1
:1004000005A8FFF7C9FE02244FF480330122CDE98D
:100410001543CDE90E234FF4E0130EA81292179363
:1004200000F020FF08B172B6FEE70F23CDE90934D2
:100430004FF480630B90CDE90C30214609A801F000
:10044000D3F808B172B6FEE7089005A8059500F04C
:1004500023FE044608B172B6FEE7B64DEB6943F0E1
:100460008053EB61EB6903F080530393039BEB69CB
:1004700043F00063EB61EB6903F000630493049BBA
:1004800000F004FEAC4A5368546044F64B229BB221
:10049000934226D0FFF760FF18B3A84BD3E900655D
:1004A00000F074FE01F03EF94FF0E0231C615C6146
:1004B0009C6172B64FF0FF322046830003F1604327
:1004C000013003F561430828C3F88020C3F8802178
:1004D000F3D19B4B994A9A6086F3088862B6A84785
:1004E000FEE7012700264FF480414FF002084FF449
:1004F0008054AB693A4643F01003AB61AB69914855
:1005000003F010030993CDE90E17099B1096CDF85F
:10051000448000F0ADFD8B480EA900F067FCAB698C
:10052000324643F00403AB61AB69214603F0040398
:1005300085480593059BCDE90E471096CDF844807C
:1005400000F096FD0EA9804800F050FC142001F048
:1005500041F921467C4800F01DFD03F03BFA01F013
:1005600033F90646794D7A4F7A4C23686BB12A7875
:100570004A2A19D072B678492268481E013A03F017
:100580006FFB2368013B236062B601F01DF9801BFD
:10059000B0F5967FE9D901F017F94FF4804106468E
:1005A000684800F06AFDDFE7032BEED940F20A420B
:1005B000B5F8029009F10608904506D972B60022F6
:1005C000226062B6114601209DE04345DDD309F16A
:1005D000040305EB0902527915F803B0DFF87CA19A
:1005E000294650464BEA022B4246019303F052FB48
:1005F00072B622682846A2EB080205EB080103F058
:100600002FFB2268A2EB0802226062B6019B5046D3
:100610001946FFF7EDFD834501D00022D2E79AF895
:1006200001A00AF1FF33042BF7D8DFE813F005002F
:10063000A700C800ED002001FFF78EFE0022484908
:100640000DF1380C11F8013B02F1010E002B5DD1C8
:100650000EAB03EB020E1C234249DFF8E08028FAC0
:1006600003FC0CF00F0C11F80CC0043B13F1040F49
:100670000EF801CBF3D108320EABDFF8EC8003EBC0
:10068000020C18F801EB531CBEF1000F42D14FF0E1
:10069000610E8CF800E04FF0630C98336B4403F864
:1006A00060CC4FF0300C02F198036B4403F85ECC41
:1006B00003F85DCCDFF8B4C004321CF8013B6BBB1F
:1006C0002B4BDFF8B0C0002808BF6346013B13F88E
:1006D00001CFBCF1000F27D108B1274BD8680EAB72
:1006E00003EB020E142320FA03FC0CF00F0C11F89C
:1006F0000CC0043B13F1040F0EF801CBF3D1002022
:10070000063292B20EA9FFF78DFD3EE772460CF855
:10071000013B97E71A460CF801EBB2E70DF1380EF2
:100720000EF802300132C8E70DF1380E0EF802C0A3
:100730000132CCE700100240006C0040005000087D
:1007400000ED00E0001001400008014030060020EC
:100750004A4B4C412C060020310600209C01002011
:10076000E13C00080C3D0008F03C0008F63C0008A5
:10077000C83C0008D53C000800FC0008B9F1040F93
:100780007FF44BAF4448FFF74BFD431EB3F52C4FAE
:100790008046BFF442AF01214048FFF773FD50B1DE
:1007A00008F2FF313E48890AFFF76CFD80F0010036
:1007B00040005FFA80FA002250461146A3E7B9F1E3
:1007C000050F7FF62AAF19F0010F7FF426AF3248EC
:1007D000FFF726FD10F001087FF41FAFA9F1040216
:1007E0008318B3F52C4F3FF618AF00F100602D4988
:1007F00000F5A040FFF75CFD80F00100400042469C
:10080000414600F0FE007EE7B9F10C0F7FF405AF22
:1008100021480E97FFF704FD03460F902148FFF78C
:10082000FFFC109080462048FFF7FAFC5A1EB2F5F4
:100830002C4F119004D21846FFF772FD804503D06B
:100840000022032011465EE701211448FFF71AFD3C
:1008500058B1102211480EA9FFF72AFD80F00100BF
:100860004000C0B2002211464DE70220FAE7002204
:1008700010461146FFF7D6FC642000F0ABFFBFF333
:100880004F8F0A490A4BCA6802F4E0621343CB60F7
:10089000BFF34F8F00BFFDE7A001002000FC000860
:1008A00000500008A4010020A801002000ED00E095
:1008B0000400FA05002070470020704738B5044650
:1008C000064D0968FFF776FD2146284602F09CFC9C
:1008D000284602F0B8FC002038BD00BF7018002088
:1008E00010B5064C00222046054902F085FC204642
:1008F000044902F089FC002010BD00BF70180020E0
:10090000440E00204412002010B5094C0A46D4F8C9
:10091000B832D3F8143243B90146204602F06CFCD9
:100920002046BDE8104002F075BC012010BD00BF9C
:1009300070180020122301480B80704730000020FF
:10094000042301480B8070472C000020002370B561
:100950001E464D1C040FB0F1204F34BF30343734E5
:1009600001F8134005F813600133DCB2A2424FEAEC
:100970000010EFD870BD00001A2310B50B800A4B91
:10098000D3F8E807D3F8F02780180AD0D3F8EC475B
:1009900006490822FFF7DAFF042220461031FFF74C
:1009A000D5FF034810BD00BF00F0FF1F120000205C
:1009B0001000002010B5044C0A460448214602F0FD
:1009C000ADFF204610BD00BF441600201D3D0008AD
:1009D00010B5044C0A460448214602F09FFF204609
:1009E00010BD00BF441600202A3D000810B5044C7D
:1009F0000A460448214602F091FF204610BD00BF80
:100A000044160020413D000810B5044C0A46044835
:100A1000214602F083FF204610BD00BF441600208F
:100A20004C3D00080E4B82B09A6942F001029A6177
:100A30009A6902F001020092009ADA6942F080524B
:100A4000DA61DB69074A03F080530193019B536825
:100A500023F0E06343F00073536002B0704700BFBF
:100A60000010024000000140FEE7FEE7FEE7FEE75F
:100A7000FEE770477047704700F09ABE014800F0EB
:100A800063BF00BF541D002070470000FFF7FCFF4C
:100A90000B480C490C4A002302E0D458C4500433DC
:100AA000C4188C42F9D3094A094C002301E01360B1
:100AB0000432A242FBD3FFF777FBFFF78FFC7047AE
:100AC000000000207C010020843D000880010020FF
:100AD0002C200020FEE7000007490302CA6803F447
:100AE000E06322F4E0621204120C134343F0BF638C
:100AF00043F40033CB60704700ED00E0154B30B598
:100B0000DC68C4F30224C4F10703251D042B28BFAD
:100B10000423062D4FF0FF3594BF0024033C05FA53
:100B200003F321EA0303A54022EA0502A3400028BB
:100B300043EA0203ACBF00F16040074A4FEA0313E7
:100B4000DBB2ABBF00F5614000F00F0080F800336E
:100B5000135430BD00ED00E014ED00E0002807DB89
:100B600001234109034A00F01F00834042F821306D
:100B7000704700BF00E100E00138B0F1807F0BD288
:100B80004FF0E023F021054A586182F8231000203D
:100B9000072298611A6170470120704700ED00E05C
:100BA0000022064BDA61064B1A6942F002021A6112
:100BB00058611A6942F040021A61704748180020D3
:100BC000002002402DE9F041264F05463B7E884635
:100BD000012B44D001243C7603684CF25030022BA8
:100BE0001AD100F087F820B1012000233B76BDE840
:100BF000F0811D4CF86123694CF2503043F004033E
:100C00002361236943F04003236100F073F82369F3
:100C100023F004032361E8E700F06CF80028E3D137
:100C20004FF0FF33C8F800302046AE680E4CD5E9CF
:100C3000023203EB8223B342D7D93046FFF7B0FF2D
:100C40004CF2503000F056F8236923F00203236180
:100C500010B1C8F80060C8E706F58066E7E7022033
:100C6000C5E700BF4818002000200240114AD368A1
:100C700013F0100305D01049CB6943F00203CB6198
:100C80001023D268500706D50B4943F00403CA6904
:100C900042F00102CA61074AD169C90708D506486E
:100CA000C16941F00401C161D16921F00101D16143
:100CB000D36070470020024048180020064B186996
:100CC00010F0800007D0054A5A6002F188325A605D
:100CD0001869C0F3C0107047002002402301674527
:100CE000034A0020136943F080031361704700BF7B
:100CF0000020024070B5054600F066FD0646114C26
:100D0000E368D80712D4E368990644BF2023E36060
:100D1000E368DA0606D4E369DB0703D4E06810F081
:100D2000040007D0FFF7A2FF012003E06B1CE7D00F
:100D30000DB9032070BD00F047FD801BA842DFD92C
:100D4000F7E700BF002002402DE9F84FDFF894A03C
:100D50001F469AF818300546012B884691463FD029
:100D600001234CF250308AF81830FFF7C3FF90BBD4
:100D7000012D03D0022D14BF042502250026334681
:100D8000DFF864B03401C4F12001A4F1200207FAB5
:100D900001F129FA04F4CAF81C300C4327FA02F2D4
:100DA0001443DBF81020A4B242F00102CBF810206B
:100DB0004CF2503028F81640FFF79CFFDBF810206B
:100DC00022F00102CBF8102028B90136F2B2954288
:100DD0004FF00003D6D800238AF81830BDE8F88F0A
:100DE0000220FBE748180020002002402DE9F74FC1
:100DF00000244FF00F0E2646DFF884C1614B00F14E
:100E000004080A6832FA06F502D103B0BDE8F08F93
:100E1000012505FA06F702EA070537EA020276D14C
:100E20004A68032A07D8013A022A00F28380DFE8E1
:100E300002F091969C00122A00F0948069D8112A41
:100E400000F08A80FF2D94BF8146C1464FEA86029A
:100E5000D9F8007088BF203A0EFA02FA27EA0A078A
:100E600004FA02F21743C9F80070D1F8049019F09F
:100E7000805F4CD0DCF8182026F0030742F0010216
:100E8000CCF81820DCF8182007F1804702F00102A6
:100E9000019207F5803706F0030A019A4FEA8A0AA1
:100EA000BA680EFA0AFB22EA0B0B374A904260D06E
:100EB00002F5806290425ED002F5806290425CD082
:100EC00002F58062904214BF0422032202FA0AF261
:100ED00042EA0B02BA609A6819F4801F14BF2A43D1
:100EE000AA439A60DA6819F4001F14BF2A43AA4380
:100EF000DA605A6819F4003F14BF2A43AA435A60C3
:100F00001A6819F4803F14BF2A43AA431A600136B5
:100F100077E7DFF878904A450CD014D8A9F5801906
:100F20004A4507D009F570294A4503D0A9F580192B
:100F30004A4587D18A68D2B1012A4FF008040CBF14
:100F4000076147617EE7DFF848904A45F2D009F52E
:100F50008039EDE7CC6875E7CC68043472E7CC687B
:100F600008346FE7CC680C346CE700246AE704248B
:100F700068E70022AAE70122A8E70222A6E700BF4D
:100F8000001002400004014000080140000022104F
:100F9000000031102DE9F74F4FF0040B00224FF005
:100FA000010A4FF00F0800EB0B0301932E4B31FAAF
:100FB00002F402D103B0BDE8F08F0AFA02F70F4045
:100FC00049D022F0030404F1804404F5803402F097
:100FD000030CA5684FEA8C0C08FA0CF909EA050E17
:100FE000224DA84239D005F58065A84237D005F5D5
:100FF0008065A84235D005F58065A84214BF042558
:10100000032505FA0CF575456FEA07060FD11D6833
:1010100035401D605D6835405D60DD683540DD60F0
:101020009D6835409D60A56825EA0905A560FF2FEC
:1010300094BF0746019F4FEA82043D6888BF203C69
:1010400008FA04FC25EA0C050BFA04F425433D607C
:10105000C4683440C4600132A9E70025D1E7012506
:10106000CFE70225CDE700BF0004014000080140A2
:101070000AB1016170470904FBE7C36801EA030292
:1010800021EA030141EA0241016170470122014B5B
:101090001A62704700000E4203682DE9F3410546CD
:1010A000D80721D5364CE369D9002BD40126E36952
:1010B00043F08053E361E36903F080530193019BA4
:1010C000304F3B68DA051FD5236A6A6813F4407312
:1010D0002ED1236A6A6823F44073134323621EB13E
:1010E000E36923F08053E3612A68910706D5244918
:1010F000A8684B6823F4404303434B60D30636D4BF
:10110000002012E00026DBE73B6843F480733B607D
:1011100000F05AFB80463B68DB05D5D400F054FB59
:10112000A0EB08006428F6D9032002B0BDE8F081E6
:1011300002F440729A42CCD00120134A236AC2F8CA
:101140004004002023F44071DF07C2F8400421620C
:10115000BFD500F039FB41F288380746236A98076B
:10116000B7D400F031FBC01B4045F7D9DCE7044A97
:10117000E968536823F480030B435360C0E700BF62
:1011800000100240007000400000424270B500F0C4
:101190001BFB05462F4C236843F0010323602368A3
:1011A0009B073BD5236841F2883623F0F80343F0D0
:1011B0008003236000F008FB00230546636063683A
:1011C00013F00C0F32D1244B244A1A60244B1868B8
:1011D00000F0B8FA054600283AD100F0F5FA0646C4
:1011E000236823F080732360236813F0007323D1F6
:1011F000636000F0E9FA0646236823F410232360B5
:10120000236813F400331DD1226822F48022226067
:10121000626A42F080726262A36005E000F0D4FA74
:10122000401B0228BBD90325284670BD00F0CCFA2C
:10123000401BB042C3D9F6E700F0C6FA801B022873
:10124000D2D9F0E700F0C0FA801B6428D8D9EAE7C9
:101250000125E9E7001002406000002000127A003A
:10126000680000202DE9F341054638B30368DB0729
:1012700010D42B689F075ED42B68190700F1958066
:101280002B685A0700F1C180EB69002B40F02C81DC
:10129000002029E0904C636803F00C03042B07D076
:1012A000636803F00C03082B0AD16368DE0307D5DB
:1012B00023689C03DDD56B68002BDAD1012013E095
:1012C0006B68B3F5803F12D1236843F48033236009
:1012D00000F07AFA064623689803CAD400F074FA3C
:1012E000801B6428F7D9032002B0BDE8F0819BB9C8
:1012F000236823F480332360236823F4802323604E
:1013000000F062FA064623689903B2D500F05CFA51
:10131000801B6428F7D9E6E7B3F5A02F236803D133
:1013200043F480232360CFE723F4803323602368D2
:1013300023F48023CBE7684C636813F00C0F07D0CD
:10134000636803F00C03082B10D16368DA030DD433
:1013500023689B0702D52B69012BAFD123686A69EB
:1013600023F0F80343EAC203236085E72A695B4B55
:101370006AB101221A6000F027FA064623689F0727
:10138000ECD400F021FA801B0228F7D9ABE71A60F1
:1013900000F01AFA0646236898077FF56DAF00F053
:1013A00013FA801B0228F6D99DE7AA694A4E4B4BD7
:1013B000E2B10122C3F8802400F006FA0446736A01
:1013C0009B070DD54FF4FA52454B1B68B3FBF2F364
:1013D000019300BF019B5A1E0192002BF9D14FE7E8
:1013E00000F0F2F9001B0228E9D97CE7C3F8802459
:1013F00000F0EAF90446736A9F077FF541AF00F0F9
:10140000E3F9001B0228F6D96DE7334CE369D800F5
:1014100024D40127E36943F08053E361E36903F0D7
:1014200080530093009B2F4E3368D90518D5EB6885
:10143000012B26D1236A43F00103236200F0C4F993
:1014400041F288380646236A9B073FD5002F3FF4B8
:101450001BAFE36923F08053E36115E70027E2E760
:10146000336843F48073336000F0AEF9804633682C
:10147000DA05DCD400F0A8F9A0EB08006428F6D95E
:1014800031E7ABB9236A41F2883823F001032362C4
:10149000236A23F00403236200F096F90646236AC8
:1014A0009807D3D500F090F9801B4045F7D91AE78B
:1014B000052B236A03D143F004032362BAE723F028
:1014C00001032362236A23F00403B6E700F07CF9EA
:1014D000801B4045B7D906E7001002400000424299
:1014E00060000020007000402A4C626802F00C028C
:1014F000082A3ED00022022B274B1A662CD100F07E
:1015000063F906462368990120D42B6AB3F5803F1E
:1015100005D16268A96822F400320A436260696AF0
:1015200062680B4322F474121343012263601A4B66
:101530001A6600F049F9054623689A013FF5A8AEFE
:1015400000F042F9401B0228F6D9CCE600F03CF945
:10155000801B0228D6D9C6E600F036F90546236876
:101560009B017FF595AE00F02FF9401B0228F6D9BC
:10157000B9E6012B3FF4A2AE60682B6A00F480321A
:101580009A427FF49BAE6B6A00F47010C01A18BFC9
:101590000120A9E600100240000042420D4A5368B3
:1015A00003F00C01082912D10B48C3F38341DB037C
:1015B000405C09D55368094AC3F340435043084A85
:1015C000D35CB0FBF3F07047064B584370470348B9
:1015D000704700BF001002406C3D000800127A0006
:1015E0006A3D000800093D002DE9F0410D46044622
:1015F00010B90120BDE8F081444A136803F00703E5
:101600008B4228D321688E0730D4CA0743D43F4A7F
:10161000136803F00703AB4265D822683C4D12F013
:10162000040F6CD1130706D56B68226923F460534D
:1016300043EAC2036B60FFF7B1FF6B68354AC3F33F
:101640000313D35CD840344B1860344B186800F057
:1016500079F80020CEE7136823F007030B431360EB
:10166000136803F007038B42C3D1CBE7284B11F07B
:10167000040F1EBF5A6842F4E0625A60080742BF76
:101680005A6842F460525A605A68A06822F0F00228
:1016900002435A60B9E762681D4E012A33681AD1C5
:1016A00013F4003FA5D0736841F2883823F0030398
:1016B0001343736000F088F807467368626803F0AC
:1016C0000C03B3EB820FA2D000F07EF8C01B4045A4
:1016D000F3D903208EE7022A02D113F0007FE1E75D
:1016E00013F0020FDEE7136823F007032B431360A8
:1016F000136803F00703AB427FF47BAF8DE76B68A1
:10170000E16823F4E0630B436B608BE70020024049
:10171000001002405A3D00086000002068000020D0
:101720007047000010B54FF0FF320024044B1A61DF
:101730001C61DA60DC60FFF7F3FF204610BD00BFDC
:101740000010024038B50E4B05461A784FF47A73F4
:10175000B3FBF2F30B4A1068B0FBF3F0FFF70CFA9F
:10176000044658B90F2D09D8024629464FF0FF30DC
:10177000FFF7C4F92046044B1D6038BD0120FCE78B
:10178000640000206000002068000020074A08B5BF
:101790001368032043F010031360FFF79DF90F2037
:1017A000FFF7D0FFFFF73EF9002008BD0020024000
:1017B000034A044B11681B780B441360704700BF49
:1017C0006818002064000020014B1868704700BFB3
:1017D0006818002038B50446FFF7F6FF0546631C7D
:1017E0001EBF044B1B78E418FFF7EEFF431BA34218
:1017F000FAD338BD6400002010B5282411F0800F02
:101800001BBF01F0070104FB010004FB01001030C5
:1018100008BF00F5A87099B21AB90273C180002000
:1018200010BD012283600273F9E7F8B50446E0B108
:1018300090F8913203F0FF021BB980F8902202F079
:10184000F7F8032384F8913200232546637155F895
:10185000040B00F084FE95E80E00206800F06FFE97
:10186000014628B1022384F8913201252846F8BDAB
:10187000206800F07EFE0028F4D102460127267978
:1018800004F11003C1B28E4203F1280318D80021DD
:101890000A4604F5A873C8B2864203F128031BD890
:1018A00095E80E00206800F066FE05460028D9D1B4
:1018B00001236073206884F8913201F011F9D5E7B3
:1018C00043E9062203F8277C03F8281C03F8252C9B
:1018D00043F8102C0130D5E743E9062203F8272C02
:1018E00003F8280C03F8252C43F8102C0131D2E71B
:1018F00038B590F890320446012B10D0012580F8BD
:101900009052006800F022FE2946204602F097F926
:10191000206801F0E3F8002084F8900238BD02202E
:10192000FCE710B590F890220446012A0AD0012263
:10193000417380F89022006801F0CAF8002084F812
:10194000900210BD0220FCE72DE9F04F044685B05F
:10195000006801F0C7F810F4004500F04F84282516
:10196000C64E2068B0F844301F0402D405B0BDE86C
:10197000F08FB0F8443013F00F0799B240F0C080F8
:1019800011F0100126D103889BB2334043F4004389
:101990000380B0F85030227C9BB203EBC20300EB13
:1019A0004303B3F80434626AC3F309031A44E362DD
:1019B0002046626202F06BF8637B002BD1D0A26AF2
:1019C0002168002ACDD1637B43F08003A1F84C301D
:1019D0006273C6E70788BBB217F4006721D0B0F87E
:1019E000503094F850219BB203EBC20300EB430349
:1019F000B3F80C34B4F85621C3F30903C4F86C31BE
:101A000004F5267101F0B9FA22682046138823F004
:101A100070031B051B0D43F08003138002F028F8B0
:101A20009FE719049DD5038823F070031B051B0D48
:101A300043F080030380B0F8503094F850219BB2FB
:101A400003EBC20300EB4303B3F80C34C3F3090305
:101A5000C4F86C318BB1D4F8641171B1B4F856216B
:101A600001F08BFAD4F86431D4F86C213946134470
:101A70002046C4F8643102F001F821680A8893B264
:101A800012053FF56EAF03F44053B3F5405F3FF4EA
:101A900068AFB1F8502001F20C4092B2835AC3F300
:101AA00009038352D4F860313E2B1DD95F09DB0650
:101AB000835A08BF07F1FF379BB243EA87236FEAD7
:101AC00043436FEA53439BB283520B8823F4804312
:101AD00023F070031B041B0C83F4405343F40043B6
:101AE00043F080030B803CE70BB9835AE7E75F08BC
:101AF000DB07835A48BF01379BB243EA8723E2E7FB
:101B000030F8273019041FFA83F840F1F68030F8D6
:101B1000273005FB074123F070031B051B0D43F025
:101B2000800320F8273091F85C3100F5806EBBB956
:101B3000B0F8503091F850219BB2063303EBC2034A
:101B40003EF81390C9F30909B9F1000F00F0BA800B
:101B50004B46B1F85621D1F8641101F00EFAB1E00C
:101B600091F8533191F85021022B40F08980B0F860
:101B700050904FEAC20B1FFA89F918F4804AD1F845
:101B80006831D94408F0400C3CD009F102093EF814
:101B90001990C9F30909994513D90023C1F868318F
:101BA00030F8223023F4804323F070031B041B0C15
:101BB00083F4005343F4004343F0800320F82230C1
:101BC00005E0A3EB0903C1F86831002BE8D0BCF1B4
:101BD000000F0DD030F8223023F4E04323F07003DF
:101BE0001B041B0C43F4004343F0C00320F82230D5
:101BF000B9F1000F66D0282101FB07414B46B1F82F
:101C00005821A8E709F106093EF81990C9F3090916
:101C1000994512D9C1F868A130F8223023F48043E5
:101C200023F070031B041B0C83F4005343F40043A4
:101C300043F0800320F8223005E0A3EB0903C1F84C
:101C40006831002BE8D0BCF1000F0DD130F8223004
:101C500023F4E04323F070031B041B0C43F4004304
:101C600043F0C00320F82230B9F1000F2AD0282118
:101C700001FB07414B46B1F85A216CE70F8FFFFF7C
:101C800030F8223023F4E04323F070031B041B0CD4
:101C900043F4004343F0C00320F8223091F8503160
:101CA00030F82320DB0012F4804FB0F8502092B2BD
:101CB00054D0023213443EF81390C9F30909B9F124
:101CC000000F9BD105FB07F16318D3F86C214A4440
:101CD000C3F86C21D3F864214A44C3F86421D3F8D3
:101CE00068211AB1D3F86031994541D205FB074309
:101CF000204693F8501101F0C1FE18F0800F2068C3
:101D00003FF42FAE30F8273005FB07FC9BB2334081
:101D100043F4004320F8273004EB0C03DA7C012A5B
:101D200056D1002107FB0552A1501A7F92B318F03B
:101D300040085A7C36D012BBB0F850201B7C92B2BF
:101D40001B0100F2044010441A5AC2F309021A524D
:101D50001A5A92B242F400421A521BE0063213445D
:101D60003EF81390C9F30909B9F1000FAAD081E731
:101D700001F5A8712068214400F0CAFEBDE7012AE0
:101D800008D1B0F850201B7C92B200F204401B0135
:101D900010441952282303FB0743197C204601F005
:101DA00076FEDEE53AB9B0F850201B7C92B21B01FA
:101DB00000F20C40C7E7012AECD1B0F850201B7CA0
:101DC00092B200F20C401B01104423F80080E1E7BE
:101DD000197C18F4807E9A6A4FEAC10A00F580697E
:101DE0001BD1B0F85070BFB25744023739F81770A2
:101DF000C7F30907974202D3C3F828E0CEE7D21B06
:101E00009A625A6A0CF110013A445A62DA6A214421
:101E10003A44DA6200F07CFEA3E5B0F850C018F056
:101E2000400E1FFA8CFCD44408F4804800F0F48083
:101E30000CF1020C39F81CC01FFA88F8CCF3090C1D
:101E400094452CBF0022A2EB0C029A62002A5BD1BF
:101E5000282303FB07435B7C002B41D1B0F85020C3
:101E600000F2044C92B20B0194443CF80320C2F3FC
:101E700009022CF803203CF803206FEA42426FEA83
:101E8000524292B22CF80320B0F8502000F20C40DD
:101E900092B21044C25AC2F30902C252C25A6FEA45
:101EA00042426FEA524292B2C252204601F0EFFD26
:101EB000B8F1000F00F0F480282303FB07432268E9
:101EC000197C32F8213023F4E04323F070031B0423
:101ED0001B0C43F4404343F0800322F82130DFE041
:101EE000012BE2D1B0F850E000F2044C1FFA8EFE54
:101EF000F4440B012CF80320B0F850C000F20C4061
:101F00001FFA8CFC6044CFE7B8F1000F0DD030F819
:101F1000212022F4E04222F070021204120C42F45A
:101F2000404242F0800220F821204FF0280808FBB0
:101F3000074898F83420012A40F0B280D8F82420CD
:101F400002EB0C0EC8F824E0DA6A6244DA62D8F8D0
:101F50003030D8F82020934235D39B1AC8F830305F
:101F6000282303FB074393F811C093B2BCF1000F81
:101F700045D1B0F8508000F2044C1FFA88F8C444F0
:101F800009013CF801803E2AC8F309082CF80180B9
:101F900025D94FEA5218D2063CF8012008BF08F1B3
:101FA000FF3892B242EA88226FEA42426FEA524216
:101FB00092B22CF80120282202FB0742128B7146B4
:101FC00000F096FD6CE01BB9624688F83430C7E734
:101FD000002288F83420C8F830201A46C0E712B929
:101FE0003CF80120E0E74FEA5208D2073CF8012014
:101FF00048BF08F1010892B242EA8822D8E7BCF152
:10200000010FD8D1B0F850C000F204421FFA8CFC86
:10201000624409015352CEE70CF1060C39F81CC09A
:102020001FFA88F8CCF3090C94458CBF7246A2EBDA
:102030000C029A62002A5DD1282303FB07435B7CD4
:10204000002B43D1B0F8502000F2044C92B20B01A7
:1020500094443CF80320C2F309022CF803203CF816
:1020600003206FEA42426FEA524292B22CF80320F8
:10207000B0F8502000F20C4092B21044C25AC2F3A1
:102080000902C252C25A6FEA42426FEA524292B207
:10209000C252204601F0FBFCB8F1000F3FF40CAF38
:1020A000282303FB07432268197C32F8213023F4EC
:1020B000E04323F040031B041B0C83F0300343F484
:1020C000004343F0800322F821304AE4012BE0D1A1
:1020D000B0F850E000F2044C1FFA8EFEF4440B01FD
:1020E0002CF80320B0F850C000F20C401FFA8CFC12
:1020F0006044CDE7B8F1000F0DD130F8212022F473
:10210000E04222F070021204120C42F4404242F00B
:10211000800220F821204FF0280808FB074898F893
:102120003420012ABCD1D8F8242002EB0C0EC8F8C8
:1021300024E0DA6A6244DA62D8F83030D8F8202035
:10214000934232D39B1AC8F83030282303FB07434D
:1021500093F811C093B2BCF1000F42D1B0F8508097
:1021600000F20C4C1FFA88F8C44409013CF80180C5
:102170003E2AC8F309082CF8018022D94FEA5218E8
:10218000D2063CF8012008BF08F1FF3892B242EABB
:1021900088226FEA42426FEA524292B22CF8012042
:1021A000282202FB0742528B09E71BB9624688F8D6
:1021B0003430CAE70022C8F8302088F834201A46A4
:1021C000C3E712B93CF80120E3E74FEA5208D2070F
:1021D0003CF8012048BF08F1010892B242EA882287
:1021E000DBE7BCF1010FDBD1B0F8502000F20C4C62
:1021F00092B294440A012CF80230D1E7460512D578
:1022000022682046B2F8443023F480631B041B0C80
:10221000A2F8443001F047FC2946204605B0BDE84D
:10222000F04FFFF77EBB41040AD52268B2F8443074
:1022300023F480431B041B0CA2F84430FFF796BB29
:10224000820405D52268B2F8443023F40053F1E744
:10225000C30419D522682046B2F8403023F00403A5
:102260001B041B0CA2F84030B2F8403023F00803E6
:102270001B041B0CA2F8403001F038FC2268B2F8B5
:10228000443023F48053D5E7070548D568462368D2
:10229000064619461A4603F1200532F8047B95429A
:1022A00026F8027BF9D1B3F8402092B242F0010245
:1022B000A3F84020B3F8402022F001021204120CCF
:1022C000A3F84020B3F844205605FBD5B3F84420CA
:1022D00022F480621204120CA3F8442030F8022B7E
:1022E00021F8042B8D42F9D1B3F84020204692B258
:1022F00042F00802A3F84020B3F8442022F4006220
:102300001204120CA3F84420B3F8402092B242F019
:102310000402A3F8402001F0D9FBFFF727BB820598
:102320000DD522682046B2F8443023F400731B0414
:102330001B0CA2F8443001F0B2FBFFF717BBC3053A
:102340007FF514AB2268B2F8443023F4807371E750
:1023500070B52824054601F00700444311F0800FB2
:1023600014BF04F1100104F5A87105EB040615BFB4
:1023700001240024747486F8514114BF4919491985
:10238000022BCB7008BF0023087008BF0B710A61D5
:1023900095F89032012B09D00123286885F89032F6
:1023A00000F0FAF8002085F8900270BD0220FCE7EA
:1023B000282301F00702534311F0800F10B50446A3
:1023C00018BF03F1100118440BBF03F5A8710123D6
:1023D000002309190ABF0919437480F851310A70A2
:1023E00094F89032012B09D00123206884F89032B0
:1023F00000F032FA002084F8900210BD0220FCE7C1
:1024000070B52824002601F007014C43051985F812
:10241000501104F5A8710144C5E95923C5F86C6150
:1024200085F85161006800F073FB304670BD2823C9
:1024300001F0070103FB0100D0F86C01704770B593
:10244000282501F007014D4344190026C4E909235A
:102450000122217405F11001014484F83420236322
:10246000E6626274006800F053FB304670BD38B518
:10247000037901F00705AB4204462AD311F0800F1F
:102480004FF028031CD001226B4303F110010344D9
:1024900001445A7401230D708B7094F890229A4273
:1024A00019D0206884F8903200F0A9FA25B9206884
:1024B00004F5267100F01AFB002084F8900238BD64
:1024C00000224B4303F5A8710344014483F85121D2
:1024D000E0E70120F3E70220F1E738B5027901F0E7
:1024E0000F039A42044626D3282301F007025343E0
:1024F00011F0800F14BF03F1100103F5A871184407
:102500004FF0000515BF012300230919091914BF55
:10251000437480F851318D700A7094F89032012B19
:102520000BD00123206884F8903200F088FA284606
:1025300084F8905238BD0120FCE70220FAE784B00D
:1025400004A800E90E00002004B0704703464FF4D1
:102550003F420020A3F84400A3F840207047B0F8A1
:10256000403023F47C535B045B0CA0F84030002027
:102570007047002070471FB5044604A800E90E000C
:1025800000200123A4F84030A4F84000A4F844003F
:10259000A4F8500004B010BDF0B50A78CD7830F83A
:1025A0002240034624F4EC4424F070042404240C58
:1025B000032D03D8DFE805F041494745012048F2E3
:1025C0008006344323F8224033F822409F4FA4B2C0
:1025D0003C401443344323F822400C7B03EB021CA1
:1025E000002C40F08D80CC884E78640864007EB367
:1025F000B3F8501089B26144A1F8004433F82210B6
:10260000490609D533F8221089B2394041F4004116
:1026100041F0C00123F8221033F822108C4C89B20B
:10262000012D01EA040101D081F0200141F40041B3
:1026300041F0800123F822104CE0284644F4007455
:10264000BDE744F4C0640020B9E744F48064FAE7CD
:10265000B3F850500969ADB26544A5F80844B3F821
:1026600050403E29A4B26444B4F80C54C5F30905A3
:10267000A4F80C542FD94D09CE06B4F80C1408BF99
:1026800005F1FF3589B241EA85216FEA41416FEAE0
:10269000514189B2A4F80C1433F822104F040DD51F
:1026A00033F8221021F4E04121F070010904090CF3
:1026B00041F4404141F0800123F82210654CC2B939
:1026C0001A8892B2224082F4405242F4004242F010
:1026D00080021A80F0BD11B9B4F80C14D5E74D088A
:1026E000C907B4F80C1448BF013589B241EA852105
:1026F000CFE733F8221089B2214081F4005195E7E9
:10270000022D33F822405BD1A4B23C4044F4014492
:1027100044F0800423F82240B3F850400E89A4B25C
:10272000760864447600A4F800644E89B3F85040FB
:102730007608A4B264447600A4F8086449780029B5
:1027400048D133F822104E040DD533F8221021F46D
:10275000E04121F070010904090C41F4404141F0CD
:10276000800123F8221033F822104D060DD533F8DE
:10277000221021F4E04121F070010904090C41F418
:10278000004141F0C00123F8221048F2800433F8E0
:10279000221021F4804121F070010904090C81F418
:1027A0004051214323F8221033F8221021F4E04154
:1027B00021F040010904090C0C4323F8224089E769
:1027C00024F4E24424F070042404240C264323F867
:1027D0002260A1E733F822104C040DD533F8221003
:1027E00021F4E04121F070010904090C41F4404159
:1027F00041F0800123F8221033F8221049060DD54C
:1028000033F8221021F4E04121F070010904090C91
:1028100041F4004141F0C00123F8221033F82210A6
:102820000B4C89B22140012D18BF81F0200141F4E9
:10283000004141F0800123F8221033F8221021F4E6
:10284000804121F070010904090CEFE68F8FFFFF32
:10285000BF8FFFFF8FBFFFFF4A780B78097BD9BB83
:102860000AB330F8232051060DD530F8232022F486
:10287000E04222F070021204120C42F4004242F0D4
:10288000C00220F8232030F8232022F4E04222F076
:1028900040021204120C42F4004242F0800220F87E
:1028A00023200020704730F8232052040DD530F843
:1028B000232022F4E04222F070021204120C42F4AF
:1028C000404242F0800220F8232030F8232022F4F6
:1028D000804222F07002DCE7002A4AD130F823203F
:1028E00051040DD530F8232022F4E04222F070028A
:1028F0001204120C42F4404242F0800220F82320DD
:1029000030F8232052060DD530F8232022F4E0427F
:1029100022F070021204120C42F4004242F0C00293
:1029200020F8232048F2800130F8232022F4E042EE
:1029300022F070021204120C42F4004242F0C00273
:1029400020F8232030F8232022F4804222F0700265
:102950001204120C0A4320F8232030F8232022F41A
:10296000E04222F040021204120C114320F823101E
:1029700097E730F8232051040DD530F8232022F4B6
:10298000E04222F070021204120C42F4404242F083
:10299000800220F8232030F8232052060DD530F88D
:1029A000232022F4E04222F070021204120C42F4BE
:1029B000004242F0C00220F8232048F2800130F8A3
:1029C000232022F4E04222F070021204120C42F49E
:1029D000404242F0800220F8232030F8232022F4E5
:1029E000E04222F040021204120C0A4320F8232095
:1029F00030F8232022F4804222F07002B3E74B78B3
:102A00000A788BB130F8223023F4E04323F04003FE
:102A10001B041B0C83F0100343F4004343F08003BA
:102A200020F822300020704730F8223023F4804311
:102A300023F070031B041B0C83F48053ECE70B7B27
:102A40003BBB4B780A7833B330F822305B060DD5A8
:102A500030F8223023F4E04323F070031B041B0CF6
:102A600043F4004343F0C00320F82230CB78012B1D
:102A70000FD030F8223023F4E04323F040031B044E
:102A80001B0C83F0200343F4004343F0800320F841
:102A900022300020704730F822305B040DD530F82A
:102AA000223023F4E04323F070031B041B0C43F497
:102AB000404343F0800320F8223030F8223023F4E2
:102AC000804323F070031B041B0C83F44053DAE7AC
:102AD00011B98023A0F84C300020704700207047C7
:102AE00000207047B0F8440080B270470020704763
:102AF00000EB4200013300F580605B0800EB8303CC
:102B0000834200D1704731F8022B20F8042BF7E7FD
:102B10002DE9F0474B780446012B0D460A7B40F027
:102B20001881D1F810908F6949694F4528BF4F46E9
:102B30000ABBBFB2EA883B46FFF7DAFFB4F85000A1
:102B4000297880B204F20442090102448F522A78A3
:102B500034F8223023F4E04323F040031B041B0C21
:102B600083F03003002043F4004343F0800324F853
:102B70002230BDE8F087EB7895F800E0022B2E6A52
:102B80004FEA0E1C40F0D080B14530F82E2080F086
:102B9000B48022F4E04222F070021204120C42F4DB
:102BA000014242F0800220F82E2030F82E80B0F84A
:102BB00050E0F61B18F040082E6201EB070ABBB28A
:102BC0001FFA8EFE4ED000F20C42724422F80C30F6
:102BD0006A89FFF78DFFB14536BFF31B00233E46E0
:102BE0006A782B62C5F814A0B3B27ABBB4F850204F
:102BF000287892B204F2044100011144425A3E2E58
:102C0000C2F30902425214D9425A7709F60608BFA4
:102C100007F1FF3792B242EA87226FEA42426FEA37
:102C2000524292B242522A8951462046FFF760FF33
:102C30008DE70EB9425AF0E7F207425A4FEA5607BB
:102C400048BF013792B242EA8722EAE7012AEAD175
:102C5000B4F85000297880B204F204420901024419
:102C60008B52E0E700F20442724422F80C302A89C9
:102C7000FFF73EFFB14536BFF31B43463E466A7839
:102C80002B62C5F814A0B3B25ABBB4F85020287810
:102C900092B204F20C4100011144425A3E2EC2F39A
:102CA0000902425210D9425A7709F60608BF07F1C5
:102CB000FF3792B242EA87226FEA42426FEA5242FB
:102CC00092B242526A89AFE70EB9425AF4E7F2076C
:102CD000425A4FEA560748BF013792B242EA87226A
:102CE000EEE7012AEED1B4F85000297880B204F260
:102CF0000C42090102448B52E4E722F4E24222F042
:102D000070021204120C42F4004242F0800220F8D9
:102D10002E20B0F8503000F204429BB21A44B3B2F5
:102D200022F80C302A8981E7F61B30F82E202E621B
:102D3000B0F85060BBB25706B6B206D500F20C42EE
:102D4000324422F80C306A8970E700F204423244BF
:102D5000E6E7002A3BD18B690969B0F850008B4245
:102D600084BF5A1A0B462978AA6180B204F20C4239
:102D700009010244885A3E2BC0F3090088521AD92F
:102D80005809DE068B5A08BF00F1FF309BB243EAB8
:102D900080236FEA43436FEA53439BB28B522A78F6
:102DA00034F8223023F4804323F070031B041B0CFF
:102DB00083F44053D6E60BB98B5AEAE75808DB0791
:102DC0008B5A48BF01309BB243EA8023E5E7CA78BB
:102DD000022A70D1002B38D1B0F850200B7892B273
:102DE00000F204401B011044C25AC2F30902C2524D
:102DF0000A693E2A46D9C15A5609D70608BF06F1C4
:102E0000FF3689B241EA86216FEA41416FEA5141BA
:102E100089B2C152B4F8500004F20C4180B20144AE
:102E2000C85A3E2AC0F30900C85238D95009D706FB
:102E3000CA5A08BF00F1FF3092B242EA80226FEA1C
:102E400042426FEA524292B2CA52EB69002BA6D0BC
:102E500044F240032A7834F8221003EA01008B433D
:102E600001D000289BD134F8223023F4E04323F032
:102E700070031B041B0C43F4004343F0C00324F80D
:102E800022308CE70AB9C15ABEE7D107C15A4FEACE
:102E9000520648BF013689B241EA8621B8E70AB92D
:102EA000CA5ACCE75008D607CA5A48BF013092B276
:102EB00042EA8022C7E7012A5DD18A6909698A420C
:102EC00094BF0020501AA86188BF0A46002B7FF4E7
:102ED00066AFB4F850102B7889B204F204401B019D
:102EE0000844C15A3E2AC1F30901C1522BD9D10667
:102EF000C15A4FEA521608BF06F1FF3689B241EABD
:102F000086216FEA41416FEA514189B2C152B4F85A
:102F1000500004F20C4180B20144C85A3E2AC0F36A
:102F20000900C8521BD95009D606CA5A08BF00F179
:102F3000FF3092B242EA80226FEA42426FEA524286
:102F400092B2CA522BE70AB9C15ADAE7C15A5608F7
:102F5000D70748BF013689B241EA8621D5E70AB9C9
:102F6000CA5AE9E75008D207CA5A48BF013092B29C
:102F700042EA8022E4E70120FBE500EB4200F0B5E5
:102F800000F580605D080C4607462E46023436B9CF
:102F9000DB0744BF30F8253001F81530F0BD37F8B5
:102FA000042B013E92B204F8022C120A04F8012C00
:102FB000ECE7D0F8BC3210B56BB1D0F8B84294F859
:102FC0000002FF2807D09B68214694F80122984709
:102FD000FF2384F80032002010BD0000432303804B
:102FE00000487047B000002043230380004870472A
:102FF000F400002043230380004870476C00002049
:103000000A230380004870477001002038B5044649
:10301000D0F8B85200F00AFED4F8B832C5F80C0265
:103020004BB1D4F8BC32D5F80402DB6805F5037166
:103030009847002038BD0220FCE7F8B5D0F8B86208
:10304000CEB1142202FB0102D369D0F8C05273B191
:10305000282707FB0154246AB3FBF4F504FB15335E
:103060002BB9D3611A4600F0CFFD0020F8BD002334
:10307000C6F81432F9E70220F8E70023F7B50F7815
:103080008DF80530ADF8063017F0600304460D46A4
:10309000D0F8B86222D0202B3AD1CA884B78BAB186
:1030A00039060BD5D0F8BC1218468F683146B847A0
:1030B00031462046EA8800F04DFC06E0314686F8AD
:1030C000003286F8012200F05AFC002003B0F0BD67
:1030D000D0F8BC0284681846A047F6E74B780A2B64
:1030E0000AD00B2B10D09BB990F89C32032B0FD138
:1030F00002220DF10601DEE790F89C32032B07D186
:1031000001220DF10501D6E790F89C32032BDCD0AB
:103110002046294600F0F7FB0220D7E738B50446E1
:103120000025812100F03BFD01212046E56200F0F1
:1031300036FD82212046C4F86C5100F030FDD4F8F1
:10314000B83225644BB1D4F8BC325B689847D4F8E8
:10315000B80200F073FDC4F8B852002038BD70B555
:10316000037C0446A3BB4FF400738121022200F0CC
:103170000AFD01214FF40073E1620125022220467D
:1031800000F001FD0823032282212046C4F86C517F
:1031900000F0F9FC4FF40770256400F04BFD064683
:1031A000C4F8B802F8B1D4F8BC321B6898470023C1
:1031B000C6F81432C6F81832237C93B94FF4007362
:1031C00029462046D6F8042200F027FD002070BDD5
:1031D00040238121022200F0D6FC01214023E1623C
:1031E000CBE74023ECE72846F1E719B1C0F8BC1261
:1031F0000020704702207047D0F8B8320020C3F892
:103200000812C3F810227047D0F8B8320020C3F873
:1032100004127047D0F8B82210B582B1D2F8144227
:10322000012374B9C2F81432D2F810328121036339
:10323000D2F808229BB200F0E7FC204610BD022025
:10324000FCE71846FAE7D0F8B82208B562B1037C6B
:10325000D2F8042233B94FF40073012100F0DDFCF1
:10326000002008BD4023F8E70220FAE708B580B146
:10327000D0F8B43213B10023C0F8B43209B1C0F8A9
:10328000B0120123027080F89C3200F033FC002061
:1032900008BD0220FCE719B1C0F8B4120020704745
:1032A0000220704708B500F065FC002008BD08B595
:1032B000D0F8B43233B11B689847003818BF0120EA
:1032C000400008BD0220FCE708B5D0F8B4325B68C6
:1032D0009847002008BD38B500F52A7504462846F1
:1032E00000F006FB012394F8A812C4F89432B4F855
:1032F000AE32C4F8983201F01F03012B08D0022B24
:103300000BD07BB92946204600F0FAF8002038BDE2
:103310002946204600F03CFAF8E72946204600F00E
:103320005BFAF3E7204601F0800100F041FCEDE795
:1033300070B50446164639BBD0F89422032A1CD136
:10334000D0E9585295420BD9AD1AAA423146C0F87D
:1033500060518CBFAAB292B200F01EFB002070BD7B
:10336000D0F8B4321B6923B190F89C22032A00D113
:103370009847204600F018FBF0E7052AEED1C4F884
:10338000941200F015FCE9E7D0F8B4329B692BB138
:1033900090F89C22032A01D19847DFE70220DEE75C
:1033A000F8B5044613460F46002949D1D0F89422B7
:1033B000022A3AD1D0E90856B54211D9AD1B1946B7
:1033C0000562AAB200F0D3FA3B461A4619462046D7
:1033D00000F023FC94F8A032012B2DD00020F8BD82
:1033E000C369B3FBF6F506FB153565B99E420AD8ED
:1033F000D0F89822934206D22A4600F0B8FA2B461B
:10340000C4F89852E1E7D4F8B432DB682BB194F8F1
:103410009C22032A01D1204698478021204600F0B3
:10342000C7FB204600F0CBFAD4E732F00403D1D139
:10343000802100F0BDFBCDE7002384F8A032CDE76A
:10344000D0F8B4325B692BB190F89C22032A01D1E9
:103450009847C3E70220C2E7002270B50446012561
:1034600040261146402300F08EFB33468021002287
:103470002046C4F85851C4F8646100F084FB002170
:10348000D4F8B832A561666284F89C52C4F89412EC
:103490006160C4F8A41223B1D4F8B43220465B684A
:1034A0009847002070BD01740020704790F89C324E
:1034B00080F89D32042380F89C320020704790F8F9
:1034C0009C32042B04BF90F89D3280F89C3200207F
:1034D000704708B590F89C22032A04D1D0F8B43282
:1034E000DB6903B19847002008BD10B50446802170
:1034F00000F05EFB2046BDE81040002100F058BB04
:1035000037B50B78044603F06003202B0D4606D038
:10351000402B04D063B12046FFF7E7FF05E0D4F865
:10352000B432294620469B689847002003B030BD3E
:103530004B78092BEFD801A252F823F03F3700084F
:103540007537000817350008673700081735000879
:103550006536000865350008173500080F37000884
:10356000A73600080023ADF806304B881A0A013A46
:10357000062AD0D801A151F822F000BF99350008E1
:10358000BD350008D7350008173500081735000885
:103590001B36000831360008D0F8B0321B68207C9A
:1035A0000DF106019847BDF80620EB88002A54D09B
:1035B000002B49D1204600F0F7F9B6E7027CD0F89D
:1035C000B43232B99B6A0DF106009847022343706A
:1035D000E9E7DB6AF7E7DBB2052B9CD8DFE803F00D
:1035E00003090D111519D0F8B0325B68002BD6D144
:1035F00091E7D0F8B0329B68F8E7D0F8B032DB68DA
:10360000F4E7D0F8B0321B69F0E7D0F8B0325B696C
:10361000ECE7D0F8B0329B69E8E7037C002B7FF43D
:103620007AAFD0F8B4320DF106005B6B9847BAE779
:10363000037C002B7FF46FAFD0F8B4320DF106009D
:103640001B6B98470723C2E79A4228BF1A460146D8
:103650002046ADF8062000F07DF9EB88002B7FF4C2
:1036600064AFA7E78B88002B7FF455AFCB88002B86
:103670007FF451AF4D887F2D3FF64DAF90F89C32CF
:10368000032B3FF448AFEDB2294680F89E5200F07C
:10369000B2FA204600F088F91DB1022384F89C326A
:1036A00043E70123FAE78978384D012929703FF66D
:1036B00032AF90F89C32022B08D0032B15D0FFF7C5
:1036C00014FF20462978FFF7FFFD2EE700293FF47D
:1036D00071AF01210323416080F89C322046FFF73F
:1036E000E6FD02287FF466AF15E731B90223416099
:1036F00080F89C32FFF7E8FD5CE7416801293FF460
:1037000059AFC9B2FFF7E0FD29786160E6E7CA88E2
:10371000012A7FF400AF90F89C32022B0AD8002BCC
:103720003FF4F9AE0146002341F8083F204600F07F
:1037300011F9FAE6032B7FF4EEAE011DF6E790F8DF
:103740009C32013B022B3FF6E6AECA88022A7FF488
:10375000E2AED0F8A4320146002B0CBF01230323B4
:1037600041F80C3FE2E74B88012B7FF4DEAEC4F852
:10377000A4321FE790F89C32013B022B3FF6CBAE00
:103780004B88012B7FF4D1AE0023F0E76C180020AA
:1037900038B50B78044603F060025B060D4601D590
:1037A000402A15D194F89C32013B022B10D82B797A
:1037B000012B0DD8D4F8B43229469B68204698478F
:1037C000EB881BB910B9204600F0EEF8002038BD98
:1037D0002046FFF78AFEF9E738B50A78044602F07A
:1037E0006002202A0B468D8806D0402A04D05AB1A8
:1037F0002046FFF77AFE05E0D4F8B42219462046A9
:1038000092689047002038BD5A78E9B2012A35D035
:10381000032A21D0002AEBD190F89C32022B44D00D
:10382000032BE5D1142201F00F0315F0800F02FBEA
:1038300003034BD09B69002BDAD0142501F07F03E2
:1038400003FB0555802905444BD0204600F0C2F902
:1038500000284BD0012345E090F89C22022A1BD07F
:10386000032AC5D15A882AB94A0603D0DB880BB986
:1038700000F09EF9204600F097F8C3E790F89C22EC
:10388000022A09D0032AB3D15B88002BBAD14D0696
:10389000F0D000F096F9EDE74B06A9D000F088F9DA
:1038A0008021204600F084F9ACE74A06A0D12B061F
:1038B0004FF000034FF002024CBF00F1140100F57D
:1038C000AA710B60204600F045F89BE7D3F8583109
:1038D000002B8DD0142505FB010505F5AA750029DF
:1038E000B3D100232B6002222946EBE72860FAE7D8
:1038F0000B7803704B7843704B8843808B888380B0
:10390000CB88C380704710B50446802100F050F981
:103910002046BDE81040002100F04AB930B588B11A
:103920000024013823460134055D002DFAD1DBB2B5
:1039300001335B0013800B7003234B70022310F8DC
:10394000014F04B930BD5A1CCC54D2B20233DBB2A1
:103950008D54F4E71346022210B5C0E90733C0F8CE
:1039600094220A46002100F04FF9002010BD08B54E
:1039700013460A46002100F047F9002008BD13460F
:10398000032210B5C0E95733C0F894220A4600213B
:1039900000F043F9002010BD08B513460A46002187
:1039A00000F03BF9002008BD08B50423C0F89432AC
:1039B00000231A46194600F027F9002008BD08B573
:1039C0000523C0F8943200231A46194600F025F961
:1039D000002008BD08B500220E490F48FFF746FC3D
:1039E00008B1FCF7E5FC0D490B48FFF754FC08B1A2
:1039F000FCF7DEFC0A490848FFF7F7FB08B1FCF7C3
:103A0000D7FC0548FFF74EFC18B1BDE80840FCF7AD
:103A1000CFBC08BD440000207018002038010020F1
:103A20000000002018B102280CBF012002207047BE
:103A300007B50E4B02689A4215D103F5DA33DA69FD
:103A4000142042F40002DA610022DB69114603F41B
:103A500000030193019BFDF751F8142003B05DF8BA
:103A600004EBFDF77BB803B05DF804FB005C00409D
:103A700000F52671D0F8D402FFF72DBC282303FBF4
:103A80000103D0F8D402D3F86421FFF751BC2823F6
:103A900003FB0103D0F8D4025A6AFFF781BCD0F8C7
:103AA000D402FFF716BD10B583790446022B01D06E
:103AB000FCF77EFCD4F8D4020121FFF7F4FCD4F823
:103AC000D402BDE81040FFF7C7BC000010B50446A3
:103AD000D0F8D402FFF7EAFCA37A23B1024A1369B3
:103AE00043F00603136110BD00ED00E0D0F8D402EE
:103AF000FFF7E5BC10B51D4B04461D4803600823C5
:103B00000371022383710023C0F8D442C4F8C002B9
:103B100043810373FDF789FE08B1FCF749FC0022DD
:103B200018231146D4F8C002FDF766FE5823002280
:103B30008021D4F8C002FDF75FFEC023002281215E
:103B4000D4F8C002FDF758FE4FF48873002201211B
:103B5000D4F8C002FDF750FE4FF48073002282219A
:103B6000D4F8C002FDF748FE002010BD005C004004
:103B7000541D002008B5D0F8C002FDF7B9FEBDE81D
:103B80000840FFF74FBF10B51446D0F8C0021A46E0
:103B90002346FEF7DDFBBDE81040FFF743BF08B545
:103BA000D0F8C002FEF704FCBDE80840FFF73ABFBA
:103BB00008B5D0F8C002FEF75AFCBDE80840FFF790
:103BC00031BF08B5D0F8C002FEF787FCBDE8084059
:103BD000FFF728BF282211F0800FD0F8C0321BBF9A
:103BE00001F07F0102FB013302FB0133987C08BF27
:103BF00093F85201704708B5D0F8C002FDF791FE66
:103C0000BDE80840FFF70EBF08B5D0F8C002FEF7C8
:103C100016FCBDE80840FFF705BF08B5D0F8C002A4
:103C2000FEF7EEFBBDE80840FFF7FCBED0F8C0028F
:103C3000FEF7FDBB00487047341B002070477047FB
:103C400010B501390244904201D1002005E003780B
:103C500011F8014FA34201D0181B10BD0130F2E74B
:103C6000884210B501EB020402D98442234607D8EA
:103C7000431EA14208D011F8012B03F8012FF8E7E9
:103C8000014602448A4200D110BD13F8014D02F8EA
:103C9000014DF7E70A44914200F1FF3300D170472C
:103CA00010B511F8014B914203F8014FF9D110BD45
:103CB000F8B500BFF8BC08BC9E467047F8B500BF19
:103CC000F8BC08BC9E4670477965737C7665727354
:103CD000696F6E3D006E6F7C76657273696F6E3DC5
:103CE000004A4B4C424F4F547C317C6170703D0018
:103CF0007C6D61783D007C706167653D30343030AB
:103D00007C696E7374616C6C65643D003031323374
:103D100034353637383961626364656600434E591D
:103D200020496E647573747279004A4B4C20474287
:103D300041204275726E65722055706461746572BF
:103D40000043444320436F6E666967004344432049
:103D5000496E7465726661636500000000000000D2
:103D6000000001020304060708090102020304051A
:103D7000060708090A0B0C0D0E0F1010750100083C
:103D80004D010008E1080008B5080008B90800085E
:103D9000BD0800081A030000000000000000000039
:103DA0000000000000000000000000000000000013
:103DB00004030904120100020202004083042207E6
:103DC0000002010203010000350900084109000852
:103DD000B5090008D109000879090008ED090008B3
:103DE000090A000800127A0001000000100000001B
:103DF00009074300020104C0320904000001020265
:103E00000100052400100105240100010424020220
:103E100005240600010705820308001009040100BB
:103E2000020A0000000705010240000007058102A8
:103E30004000000009024300020100C032090400F2
:103E40000001020201000524001001052401000107
:103E5000042402020524060001070582030800105D
:103E600009040100020A00000007050102400000E9
:103E7000070581024000000009024300020100C062
:103E800032090400000102020100052400100105AE
:103E90002401000104240202052406000107058212
:103EA0000308001009040100020A000000070501D0
:103EB0000200020007058102000200005F310008D5
:103EC0001D3100087B30000800000000B32F0008FF
:103ED0003B3000080D30000800000000000000002A
:103EE00000000000E92F0008DD2F0008F52F000872
:103EF000013000080A060002000000400100000036
:020000040800F2
:105000000050002041A00008B5640008B764000803
:10501000B9640008BB640008BD640008000000001B
:10502000000000000000000000000000BF64000855
:10503000C164000800000000C3640008C5640008E3
:1050400089A0000889A0000889A0000889A000089C
:1050500089A0000889A0000889A0000889A000088C
:1050600089A0000889A0000889A0000889A000087C
:1050700089A0000889A0000889A0000889A000086C
:1050800089A0000889A0000889A0000889A000085C
:10509000CD64000889A0000889A0000889A0000844
:1050A00089A0000889A0000889A0000889A000083C
:1050B00089A0000889A0000889A0000889A000082C
:1050C00089A0000889A0000889A0000889A000081C
:1050D00089A0000889A0000889A0000889A000080C
:1050E00089A0000889A0000889A00008000000002D
:1050F00000000000000000000000000000000000B0
:1051000000000000000000005FF808F10348044BB5
:10511000834202D0034B03B118477047840100203B
:1051200084010020000000000548064B1B1AD90F1F
:1051300001EBA301491002D0034B03B1184770479C
:1051400084010020840100200000000010B5064CFE
:10515000237843B9FFF7DAFF044B13B10448AFF3E8
:1051600000800123237010BD840100200000000096
:10517000A8A0000808B5054B1BB105490548AFF3C9
:105180000080BDE80840FFF7CFBF00BF000000006F
:1051900088010020A8A0000803460244934200D1E1
:1051A000704703F8011BF9E770B500260C4D0D4C54
:1051B000641BA410A64209D104F076FF00260A4D14
:1051C0000A4C641BA410A64205D170BD55F8043BDF
:1051D00098470136EEE755F8043B98470136F2E769
:1051E00060A1000860A1000860A1000864A1000897
:1051F00072B630BFFDE7000080B596B0664B674AD7
:105200009A6001F02DFF00230E930F9311931293D8
:105210000793089309930A930B93039304930593BD
:10522000069301220C924FF480330D9310920222C8
:10523000139214934FF4E01315930CA801F0F2FBB2
:10524000002840F0A3800F23079302210891002338
:1052500009934FF480620A920B9307A801F022FE93
:10526000002840F09580102303930023069303A8A1
:1052700001F04AFB002840F08D8000250C950D952B
:105280000E950F95464CA36943F01003A361A369E3
:1052900003F010030193019BA36943F02003A36172
:1052A000A36903F020030293029BA36943F0040364
:1052B000A361A36903F004030393039BA36943F071
:1052C0000803A361A36903F008030793079BDFF8B2
:1052D000D49001224FF4C041484601F009FB324FFF
:1052E00001224FF4E061384601F002FB4FF4C04365
:1052F0000C9301260D960E964FF00308CDF83C80D6
:105300000CA9484601F056F9FF230C930D950E9613
:105310000CA9384601F04EF94FF6FF730C930D952A
:105320000E960CA9214801F045F94FF4E0630C9367
:105330000D960E96CDF83C800CA9384601F03AF94E
:10534000A36943F00403A361A36903F0040300937A
:10535000009B0E954FF480540C940D9602230F93EE
:105360002A462146384601F0C3FA0CA9384601F016
:1053700021F9142001F098FE2146384601F03AFA4E
:1053800004F05EFC00F064FC30BFFBE7FFF730FF89
:10539000FFF72EFFFFF72CFF00ED00E000500008A4
:1053A000001002400010014000080140000C0140C4
:1053B00082B003468DF807309DF80730002B0CD1E2
:1053C0000B4B4FF088321A600A4B4FF088321A604C
:1053D000094B4FF6FF721A6007E0054B4FF033326E
:1053E0001A60044B4FF033321A6000BF02B07047AE
:1053F000040C0140000C01400C0C014082B003463B
:105400008DF807309DF80730002B07D1074B4FF080
:1054100088321A60064BFF221A6003E0034B4FF0FC
:1054200033321A6000BF02B0704700BF000801406D
:1054300010080140024B1B689BB21846704700BF22
:10544000080C0140024B1B68DBB21846704700BFD6
:105450000808014082B00346ADF80630034ABDF8A3
:105460000630136000BF02B0704700BF0C0C014053
:1054700084B003468DF80730064B1B680393039BEB
:1054800023F0FF029DF80730024913430B6000BF71
:1054900004B070470C0801402DE9F04105460C4668
:1054A00016460120FFF7AAFF0120FFF781FFC5F391
:1054B0000740FFF7DDFFA8B2FFF7CCFF1D4B4FF011
:1054C0008072C3F8102800BF00BF00BF00BF00BF3C
:1054D00000BF0020FFF76CFFE6B104EB4606154D58
:1054E0004FF000784FF40077C5F8108800BF00BF78
:1054F00000BF00BF00BF00BFFFF79CFF24F8020BF6
:10550000C5F8107800BF00BF00BF00BF00BF00BFDC
:10551000A642E9D1074B4FF48072C3F8102800BFB0
:1055200000BF00BF00BF00BF00BF0020FFF766FF45
:10553000BDE8F081000001402DE9F04105460C4630
:1055400016460120FFF75AFF0120FFF731FFC5F390
:105550000740FFF78DFFA8B2FFF77CFF1D4B4FF010
:105560008072C3F8102800BF00BF00BF00BF00BF9B
:1055700000BFE6B104EB46061D464FF080684FF4CD
:10558000806734F8020BFFF765FFC5F8108800BF8D
:1055900000BF00BF00BF00BF00BFC5F8107800BF4C
:1055A00000BF00BF00BF00BF00BFA642E9D1094B4A
:1055B0004FF48072C3F8102800BF00BF00BF00BFC7
:1055C00000BF00BF0020FFF719FF0020FFF7F0FE2B
:1055D000BDE8F081000001402DE9F04106460D468E
:1055E00017460020FFF70AFF0120FFF7E1FE1E4BE0
:1055F0004FF000521A6100BF00BF00BF00BF00BFE4
:1056000000BF17B32F442C46761BB6B2174D4FF090
:105610000078A01980B2FFF71DFFC5F8108800BF01
:1056200000BF00BF00BF00BF00BFFFF70BFF04F8C3
:10563000010B4FF40073C5F8103800BF00BF00BF66
:1056400000BF00BF00BFBC42E3D1074B4FF4005284
:105650001A6100BF00BF00BF00BF00BF00BF002035
:10566000FFF7A6FEBDE8F0810010014000000140F8
:105670002DE9F04106460D4617460120FFF7BEFE14
:105680000120FFF795FE204B4FF000521A6100BF3A
:1056900000BF00BF00BF00BF00BF17B32F442C46A0
:1056A000761BB6B2194D4FF08068A01980B2FFF793
:1056B000D1FE14F8010BFFF7DBFEC5F8108800BF20
:1056C00000BF00BF00BF00BF00BF4FF48063C5F83C
:1056D000103800BF00BF00BF00BF00BF00BFBC420A
:1056E000E3D1094B4FF400521A6100BF00BF00BF65
:1056F00000BF00BF00BF0020FFF780FE0020FFF7C3
:1057000057FEBDE8F08100BF0010014000000140DD
:105710002DE9F04106460D4617460020FFF76EFEC4
:105720000120FFF745FE224B4FF08072C3F810288E
:1057300000BF00BF00BF00BF00BF00BF47B32F4482
:105740002C46761BB6B21D464FF00078A01980B2E9
:10575000FFF780FEC5F8108800BF00BF00BF00BF84
:1057600000BF00BFFFF76EFE04F8010B00BF00BFD3
:1057700000BF00BF00BF00BF4FF40073C5F8103872
:1057800000BF00BF00BF00BF00BF00BFBC42DDD1F3
:10579000074B4FF48072C3F8102800BF00BF00BF52
:1057A00000BF00BF00BF0020FFF702FEBDE8F08190
:1057B000000001402DE9F04106460D461746012044
:1057C000FFF71CFE0120FFF7F3FD214B4FF0807225
:1057D000C3F8102800BF00BF00BF00BF00BF00BF5C
:1057E00017B32F442C46761BB6B21D464FF0806887
:1057F000A01980B2FFF72EFE14F8010BFFF738FE58
:10580000C5F8108800BF00BF00BF00BF00BF00BFC9
:105810004FF48063C5F8103800BF00BF00BF00BF61
:1058200000BF00BFBC42E3D1094B4FF48072C3F804
:10583000102800BF00BF00BF00BF00BF00BF002096
:10584000FFF7DCFD0020FFF7B3FDBDE8F08100BFEE
:105850000000014010B50024054B1C8041F27C5231
:1058600021460448FFF798FC034B1C7010BD00BF95
:10587000A42C002028170020A801002008B58C4681
:105880001146044B1B684FEA5C0203EB5000FFF724
:1058900003FE08BDA40100202DE9F0410D4630B102
:1058A0000146164B18682A46023004F0EEFB144BF2
:1058B000D3F8B8420235AEB2EEB14FF00008114F46
:1058C000A6EB0805ADB2B5F5007F28BF4FF4007513
:1058D000D4F814322BB130BF00BFD4F81432002BEF
:1058E000F9D1294607EB080004F00AFA45441FFAEB
:1058F00085F84645E4D8BDE8F08100BF00000020EF
:10590000B02C0020AC01002000B583B00A4BD3F8C6
:10591000B822D2F8143223B130BFD2F81432002B9F
:10592000FAD1AA238DF8073001210DF1070004F008
:10593000E7F903B05DF804FBB02C00202DE9F04F2F
:1059400083B0019158B191468046184BD3F8B842C4
:1059500000273E46DFF858B0DFF858A005E00021E8
:105960000846FFF799FF1EE02F46A8EB0605ADB2EB
:10597000019B9D4228BF1D46DBF8002002323244C5
:1059800029463046C8473544AEB2D4F81432002B0D
:10599000FBD1B51CADB2E91B89B20AEB070004F0DC
:1059A000AFF9B045E0D803B0BDE8F08FB02C0020CF
:1059B00000000020AC0100202DE9F04182B0044637
:1059C0000D4601F06BFB06460127DFF854800FE01F
:1059D00001220DF106012046FFF75EFD01220DF1C7
:1059E00006012046FFF758FD02B0BDE8F08130BF48
:1059F0003A460DF106012046FFF74EFDBDF8063090
:105A00006B4013F0800FE3D0B8F80030002BEBD0E0
:105A100001F044FB831B42F210729342E7D9E3E7A3
:105A2000A42C002008B51346044A126810440A4604
:105A3000194680B2FFF7D0FD08BD00BFA4010020C9
:105A400001B32DE9F0470646174688460025DFF8E2
:105A500038A04FF001090D4CDAF80000304428441A
:105A60004A46791980B2FFF7B7FD23782BB100239E
:105A700000BF013322789A42FADC01354545EBD16B
:105A8000BDE8F087704700BFA4010020A3010020FB
:105A900008B51346044A126810440A46194680B2F3
:105AA000FFF736FE08BD00BFA40100202DE9F0413C
:105AB00082B005460C4601F0F1FA06460127DFF8F0
:105AC000388000E030BF3A460DF107012846FFF765
:105AD0001FFE9DF80730DBB2A34209D0B8F80030B2
:105AE00033B101F0DBFA801B42F210739842E9D91E
:105AF00002B0BDE8F08100BFA42C002001B32DE965
:105B0000F0470646174688460025DFF838A04FF0D4
:105B100001090D4CDAF80000304428444A4679194E
:105B200080B2FFF7F5FD23782BB1002300BF0133CE
:105B300022789A42FADC01354545EBD1BDE8F08781
:105B4000704700BFA4010020A30100202DE9F0430D
:105B500083B005468846254B1B7803B930B9244BE2
:105B60001B78002B3AD1B8F1000F37D00024214B1D
:105B70001C8041F27C5221461F48FFF70DFB41F289
:105B80007C5221461D48FFF707FB1D4B1C70032765
:105B9000DFF8709026461C4C32464FF48041484650
:105BA00000F0A6FE0096009BA34205DC009B01339B
:105BB0000093009BA342F9DD01224FF48041484647
:105BC00000F096FE0196019BA34205DC019B013388
:105BD0000193019BA342F9DD013FDDD1034B1D7011
:105BE000034B83F8008003B0BDE8F083A2010020DE
:105BF000A1010020A42C002028170020AC010020C7
:105C0000A8010020001001407F3801000D4B1B78D7
:105C1000B3B910B50C460C4BB3F800C0CCF5AB5380
:105C20001C339BB28B4200D210BD0A460146074886
:105C3000604404F02AFA044B1A8814441C80F3E7E9
:105C4000704700BFA8010020A42C002028170020C6
:105C5000AA4B1B88022B04D9A94A126812889A42BF
:105C600000D970472DE9F04F87B0A64B01221A707A
:105C700000224FF48041A44800F03AFEA04BD3F834
:105C800000A09AF80230B03B4C2B00F2C883DFE84A
:105C900013F084038B03C603C603C603C603C603FF
:105CA000C603C603C603C603C603C603C603C603AC
:105CB000C603C603C603C603C603C603C603C6039C
:105CC000C603C603C603C603C603C603C603C6038C
:105CD000C603C603C603C603C603C603C603C6037C
:105CE000C603C603C603C603C603C603C603C6036C
:105CF000C603C603C603C603C603C603C603C6035C
:105D00004E027402C6034B037103C603C603C603E7
:105D1000C6034D009500CF00D4001601B801C7019D
:105D2000D701E601F50187029602A502AA23ADF884
:105D30000C30012203A940F25550FFF7FDFB55231B
:105D4000ADF80C30012203A940F2AA20FFF7F4FBC2
:105D50009023ADF80C30012203A940F25550FFF713
:105D6000EBFB012204A90020FFF796FB01220DF1B5
:105D700012011046FFF790FB012205A90E20FFF744
:105D80008BFB01220DF116010F20FFF785FBF0239D
:105D9000ADF80C30012203A90020FFF7CDFBFFF77F
:105DA00059FD082104A8FFF777FD01224FF4804137
:105DB000554800F09DFD07B0BDE8F08FAA25ADF86D
:105DC0001050012204A940F25550FFF7B5FB5524AD
:105DD000ADF81040012204A940F2AA20FFF7ACFB65
:105DE0008023ADF81030012204A940F25550FFF78E
:105DF000A3FBADF81050012204A940F25550FFF763
:105E00009BFBADF81040012204A940F2AA20FFF745
:105E100093FB1023ADF8103001220DEB030140F28B
:105E20005550FFF789FBFFF715FDFFF76DFDBCE748
:105E3000FFF710FDFFF768FDB7E7DAF803406408E5
:105E400004F47F04AA26ADF81060012204A940F2F0
:105E50005550FFF771FB5525ADF81050012204A9EC
:105E600040F2AA20FFF768FB8023ADF81030012232
:105E700004A940F25550FFF75FFBADF81060012216
:105E800004A940F25550FFF757FBADF8105001221E
:105E900004A940F2AA20FFF74FFB3023ADF81030E1
:105EA000012204A92046FFF747FB4FF6FF71204669
:105EB000FFF782FDFFF7CEFCFFF726FD75E7DAF866
:105EC00003204FEA5209BAF800B0ABF10B0B1FFAEE
:105ED0008BF3CBF34E0BBAF807200AF1090A012B1A
:105EE00040F28A805308019300244FF0AA08034F20
:105EF00000924FE0FFF7AEFC57E700BFA42C002054
:105F000004000020A801002000100140ABEB0406B3
:105F1000B6B2019B9E4228BF1E46ADF810800122FA
:105F200004A940F25550FFF707FB5523ADF8103098
:105F3000012204A940F2AA20FFF7FEFA2523ADF8BA
:105F40001030012204A92846FFF7F6FA731EADF8B7
:105F50001030012204A92846FFF7EEFA32460AEB78
:105F600044012846FFF7E8FA2923ADF81030012252
:105F700004A92846FFF7E0FA344404F10043013B4A
:105F8000681E3AF813103044FFF716FD3B8883B3C0
:105F90005C4531D204EB0905009B002BB6D1ADF86E
:105FA0001080012204A940F25550FFF7C5FA55238D
:105FB000ADF81030012204A940F2AA20FFF7BCFA84
:105FC000A023ADF81030012204A940F25550FFF78C
:105FD000B3FA01220AEB44012846FFF7ADFA3AF87A
:105FE00014102846FFF7E8FC3B88002B82D00134D0
:105FF000CEE7FFF72FFCD8E6FFF72CFCFFF784FC79
:10600000D3E6514631F8072B093AC2F34E02DAF8CB
:106010000300FFF791FAFFF71DFCFFF775FCC4E6DC
:10602000DAF803305B08B94A1360BAF80740FFF7A3
:1060300011FCB74A4FF400712046FFF77FFCB4E62D
:10604000514631F8072B093ADAF8030092B280B2D0
:10605000FFF70EFBFFF7FEFBFFF756FCA5E6DAF8AD
:106060000320AA4B1A60BAF80740FFF7F3FBA94ACE
:106070004FF400712046FFF761FC96E6DAF80390D2
:10608000BAF80030093B9BB2002B4BD00AF1070B4A
:106090005B4400930125DFF8808202E0009B9B4572
:1060A00040D0AA238DF80C302A4603A945F255505A
:1060B000FFF7DEFA55238DF80C302A4603A942F685
:1060C000AA20FFF7D5FAA0238DF80C302A4603A9A1
:1060D00045F25550FFF7CCFAA9EB0A04073C5C44A3
:1060E000A4B22A4659462046FFF7C2FA1BF8017BA4
:1060F00000F0D4FF06462A4604A92046FFF76CFAB2
:106100009DF81030DBB29F42C8D0B8F80030002BA9
:10611000C4D000F0C3FF801B42F210739842BDD878
:1061200030BFE8E7FFF796FBFFF7EEFB3DE6DAF856
:106130000330BAF800600A3EB6B29AF80740BEB122
:106140000AF108052E44A3EB0A03A3F108074FF058
:10615000010878194246294680B2FFF789FA24B12E
:10616000002300BF01339C42FBD10135AE42F0D188
:10617000FFF770FBFFF7C8FB17E6DAF80320634B65
:106180001A60BAF807409AF80920644B1A70FFF7B2
:1061900061FB634A4FF400712046FFF7CFFB04E632
:1061A000514631F8072B093ADAF8030092B280B26F
:1061B000FFF700FBFFF74EFBFFF7A6FBF5E5DAF86C
:1061C0000320524B1A60BAF80740FFF743FB554AC9
:1061D0004FF400712046FFF7B1FBE6E5DAF8033033
:1061E0009FB2BAF80090A9F10B091FFA89F9BAF821
:1061F00007B00AF1090AB9F1000F00F0828000250A
:106200004FF0AA085B46BB461F4647E0FFF722FB5C
:10621000CBE5A9EB0506B6B2BE4228BF3E468DF8D7
:106220001080012204A940F6AA20FFF7C3FA5523E3
:106230008DF81030012204A940F25550FFF7BAFA48
:1062400025238DF81030A4B2012204A92046FFF7BF
:10625000B1FA731E8DF81030012204A92046FFF711
:10626000A9FA32460AEB05012046FFF7A3FA2923D3
:106270008DF81030012204A92046FFF79BFA35441F
:106280000AEB0503013C301913F8011C80B2FFF73B
:106290000DFC214B1B888BB3A94532D905EB0B04B0
:1062A000002FB6D18DF81080012204A940F6AA2053
:1062B000FFF780FA55238DF81030012204A940F22F
:1062C0005550FFF777FAA0238DF81030012204A96A
:1062D00040F6AA20FFF76EFAA4B201220AEB0501EC
:1062E0002046FFF767FA1AF805102046FFF7DEFB95
:1062F000094B1B88002B89D00135CDE7FFF7AAFA9F
:1063000053E5FFF7A7FAFFF7FFFA4EE5A4010020D7
:106310007D580008255A0008A42C0020A301002065
:10632000415A0008915A0008DAF80330BAF80060C0
:10633000093EB6B29AF80740BEB10AF108052E44EC
:10634000A3EB0A03A3F108074FF0010878194246AE
:10635000294680B2FFF72EFA24B1002300BF013393
:10636000A342FBD10135B542F0D1FFF773FAFFF735
:10637000CBFA1AE5DAF80320334B1A60BAF8074073
:106380009AF80920314B1A70FFF764FA304A4FF43B
:1063900000712046FFF7D2FA07E5FFF75BFA4021CC
:1063A0002C48FFF779FA00E5FFF754FAFFF7ACFA4B
:1063B000294BD3F8B85200F071FE0446D5F81432D8
:1063C00023B100F06BFE031BC72BF7D9322000F07E
:1063D0006BFE224BDA6942F08052DA61DA6902F030
:1063E00080520392039ADA6942F00062DA61DB6953
:1063F00003F000630493049B00F080FA184B44F60A
:106400004B225A60BFF34F8F1649CA6802F4E0620C
:10641000154B1343CB60BFF34F8F00BFFDE7FFF772
:1064200019FA0D4BD3F8B822D2F8143223B130BF89
:10643000D2F81432002BFAD10C48EE23037001215C
:1064400003F05EFCB1E400BFA4010020A301002022
:10645000FD5A0008C0A00008B02C00200010024027
:10646000006C004000ED00E00400FA05A0010020EF
:1064700082B00E4B9A6942F001029A619A6902F069
:1064800001020092009ADA6942F08052DA61DB6917
:1064900003F080530193019B054A536823F0E063A6
:1064A00043F00073536002B0704700BF0010024019
:1064B00000000140FEE7FEE7FEE7FEE7FEE770476B
:1064C0007047704708B500F0DDFD08BD08B502480B
:1064D00000F0B0FE08BD00BF943B002070470000F4
:1064E0000749CA68030203F4E06322F4E06212047D
:1064F000120C134343F0BF6343F40033CB60704787
:1065000000ED00E000B5184BDB68C3F30223C3F1D4
:10651000070CBCF1040F28BF4FF0040C03F1040E6C
:10652000BEF1060F8CBF033B00234FF0FF3E0EFA77
:106530000CFC21EA0C0199400EFA03FE22EA0E023D
:106540001143002809DB0901C9B200F1604000F5E0
:10655000614080F800135DF804FB00F00F000901B2
:10656000C9B2024B1954F6E700ED00E014ED00E06B
:10657000002807DB410900F01F0001238340024A85
:1065800042F82130704700BF00E100E00138B0F16F
:10659000807F0BD24FF0E0235861054AF02182F84A
:1065A00023100020986107221A617047012070476C
:1065B00000ED00E02DE9F04F83B00F68002F00F0F0
:1065C0000B81002216464FF0010E0F24844D031D4F
:1065D0009B461346B2E0DFF80C924F4515D00CD81D
:1065E000A9F580194F4510D009F570294F450CD0F9
:1065F000A9F580194F4515D107E0DFF8EC914F451B
:1066000003D009F580394F450CD18E68002E00F07B
:10661000D880012E0CBFC0F81080C0F81480082666
:1066200000E0CE68BCF1FF0F99BF81469046D94685
:10663000A2F12008D9F8007004FA08FA27EA0A073C
:1066400006FA08F847EA0807C9F800704F6817F01B
:10665000805F6DD0AF6947F00107AF61AF6907F0A8
:1066600001070197019F23F0030707F1804707F512
:106670008037D7F8089003F0030A4FEA8A0A04FA31
:106680000AF829EA0809DFF86481404500F09B8098
:1066900008F58068404500F0998008F5806840451D
:1066A00000F0978008F58068404514BF4FF004085B
:1066B0004FF0030808FA0AF848EA0908C7F8088002
:1066C0004F6817F4801FDFF82881D8F8087014BFCE
:1066D00047EA0C0727EA0C07C8F808704F6817F458
:1066E000001FDFF80C81D8F80C7014BF47EA0C07C4
:1066F00027EA0C07C8F80C704F6817F4003FDFF862
:10670000F080D8F8047014BF47EA0C0727EA0C079A
:10671000C8F804704F6817F4803FDFF8D480D8F8C9
:10672000007014BF47EA0C0727EA0C07C8F800708E
:1067300001330F68043237FA03FC4DD00EFA03F828
:1067400008EA070C38EA0707F2D14F68122F3FF624
:1067500042AF122F3FF666AF0FF2040959F827F047
:106760000B66000823660008B3670008BF670008CF
:1067700025660008256600082566000825660008CD
:1067800025660008256600082566000825660008BD
:1067900025660008256600082566000825660008AD
:1067A00025660008AD670008B9670008CE680436A2
:1067B00038E7CE68083635E7CE680C3632E7002673
:1067C00030E704262EE74FF0000873E74FF001088A
:1067D00070E74FF002086DE703B0BDE8F08F00BF2F
:1067E000001002400000221000003110000801409B
:1067F00000040140002976D02DE9F04F83B08C468B
:106800004FF0000E72464FF0010A4FF00F094FF0A3
:10681000040B00EB0B030193334F1FE04FF0000814
:1068200008FA04F4AC4246D0FF2999BF05467446E5
:10683000019DAEF120042B6809FA04F623EA060351
:106840000BFA04F423432B60C36823EA0103C360FB
:1068500001320EF1040E3CFA02F341D00AFA02F3BF
:1068600013EA0C01F4D022F0030303F1804303F593
:1068700080339D6802F00304A40009FA04F6354051
:10688000DFF868804045C9D008F5806840450CD0E5
:1068900008F5806840450BD008F58068404514BF76
:1068A0004FF004084FF00308BAE74FF00108B7E7CC
:1068B0004FF00208B4E73C6824EA01043C607C68BD
:1068C00024EA01047C60FC6824EA0104FC60BC68E2
:1068D00024EA0104BC609C6824EA06049C60A3E7E7
:1068E00003B0BDE8F08F704700040140000801408C
:1068F0000AB101617047090401617047014B01222F
:106900001A62704700000E422DE9F04182B0044641
:10691000036813F0010F36D03F4BDB6913F0805F43
:1069200049D13D4BDA6942F08052DA61DB6903F00C
:1069300080530193019B0125384B1B6813F4807F22
:106940003BD0354B1B6A13F4407313D0626802F4DA
:1069500040729A420ED0304A136A23F44070304994
:106960000126C1F840640026C1F84064106213F0AB
:10697000010F36D1284A136A23F4407361680B4330
:106980001362002D3ED1236813F0020F06D0224A75
:10699000536823F44043A1680B435360236813F00A
:1069A000100F34D01C4A536823F48003E1680B4372
:1069B000536000202CE00025BEE7184A136843F41A
:1069C0008073136000F06AFB0646144F3B6813F4B3
:1069D000807FB6D100F062FB801B6428F6D90320CB
:1069E00016E000F05BFB06460B4F41F288383B6A2D
:1069F00013F0020FBED100F051FB801B4045F6D9C9
:106A0000032005E0D36923F08053D361BBE7002066
:106A100002B0BDE8F08100BF0010024000700040ED
:106A200000004242002800F001822DE9F04182B0CE
:106A30000446036813F0010F2CD09F4B5B6803F0F2
:106A40000C03042B1DD09C4B5B6803F00C03082B3C
:106A500012D06368B3F5803F41D0002B55D103F1CC
:106A6000804303F504331A6822F480321A601A68EE
:106A700022F480221A6037E08F4B5B6813F4803F6A
:106A8000E7D08D4B1B6813F4003F03D06368002BE5
:106A900000F0CE81236813F0020F75D0864B5B683F
:106AA00013F00C0F5FD0844B5B6803F00C03082BD2
:106AB00054D02369002B00F08A80804B01221A6099
:106AC00000F0ECFA05467C4E336813F0020F75D1E6
:106AD00000F0E4FA401B0228F6D90320ADE1764A23
:106AE000136843F480331360636843B300F0D6FA4D
:106AF0000546714E336813F4003FCBD100F0CEFA57
:106B0000401B6428F6D9032097E1B3F5A02F09D0E4
:106B1000694B1A6822F480321A601A6822F48022C3
:106B20001A60E1E703F18043A3F53C331A6842F4AD
:106B300080221A601A6842F480321A60D4E700F0AA
:106B4000ADFA05465C4E336813F4003FA2D000F066
:106B5000A5FA401B6428F6D903206EE1564B5B680A
:106B600013F4803FA5D1544B1B6813F0020F03D0E0
:106B70002369012B40F05E814F4A1368616923F05D
:106B8000F80343EAC1031360236813F0080F3DD0F4
:106B9000A369002B66D0494B0122C3F8802400F082
:106BA0007DFA0546444E736A13F0020F21D100F0BE
:106BB00075FA401B0228F6D903203EE13E4A1368CD
:106BC000616923F0F80343EAC1031360DCE73B4B40
:106BD00000221A6000F062FA0546374E336813F05F
:106BE000020FD1D000F05AFA401B0228F6D9032038
:106BF00023E1334B1B68334AA2FB03235B0A019357
:106C000000BF019B5A1E0192002BF9D1236813F09B
:106C1000040F00F09B80284BDB6913F0805F34D1B8
:106C2000254BDA6942F08052DA61DB6903F0805368
:106C30000093009B0125244B1B6813F4807F26D012
:106C4000E368012B42D0002B58D103F1804303F5B8
:106C500004331A6A22F001021A621A6A22F004024C
:106C60001A6238E0154B0022C3F8802400F016FAAF
:106C70000546114E736A13F0020FC7D000F00EFAEA
:106C8000401B0228F6D90320D7E00025D3E70E4A9F
:106C9000136843F48073136000F000FA06460A4F4D
:106CA0003B6813F4807FCBD100F0F8F9801B642897
:106CB000F6D90320C1E000BF0010024000004242AC
:106CC00008000020D34D6210007000405E4A136A35
:106CD00043F001031362E36833B300F0DFF90646C3
:106CE000594F41F288383B6A13F0020F2DD100F062
:106CF000D5F9801B4045F6D903209EE0052B09D02D
:106D0000514B1A6A22F001021A621A6A22F0040236
:106D10001A62E0E74C4B1A6A42F004021A621A6ADD
:106D200042F001021A62D6E700F0B8F90646464F73
:106D300041F288383B6A13F0020F06D000F0AEF93A
:106D4000801B4045F6D9032077E0E5B9E369002BC5
:106D500072D03D4A526802F00C02082A56D0022B2B
:106D600017D03A4B00221A6600F098F90446364DC7
:106D70002B6813F0007F47D000F090F9001B022829
:106D8000F6D9032059E0304AD36923F08053D36108
:106D9000DCE72E4B00221A6600F080F905462A4EE9
:106DA000336813F0007F06D000F078F9401B02280A
:106DB000F6D9032041E0236AB3F5803F1AD0224977
:106DC0004A68236A606A034322F4741213434B60D7
:106DD0001E4B01221A6600F061F904461A4D2B6819
:106DE00013F0007F0ED100F059F9001B0228F6D9EC
:106DF000032022E0144A536823F40033A1680B43B4
:106E00005360DCE7002018E0002016E0012B17D0CB
:106E10000D4B5B6803F48031226A914212D103F476
:106E20007013606A181A18BF012006E0012070472D
:106E3000012002E0012000E0002002B0BDE8F08166
:106E40000120FAE70120F8E700100240000042426A
:106E50000F4B5B6803F00C02082A01D00D48704705
:106E6000C3F383420C49885C13F4803F0BD0084B7A
:106E70005B68084A02FB00F0C3F34043074AD35C57
:106E8000B0FBF3F07047064B03FB00F0704700BF08
:106E90000010024000127A0014A1000810A100089E
:106EA00000093D00002800F0A2802DE9F0410D46C8
:106EB0000446534B1B6803F007038B420BD2504A26
:106EC000136823F007030B431360136803F00703F1
:106ED0008B4240F08E80236813F0020F17D013F01E
:106EE000040F04D0474A536843F4E06353602368B7
:106EF00013F0080F04D0434A536843F460535360BF
:106F0000404A536823F0F003A1680B4353602368A1
:106F100013F0010F31D06268012A20D0022A25D057
:106F2000384B1B6813F0020F65D036494B6823F0CD
:106F3000030313434B6000F0B1F80646314F41F2B2
:106F400088387B6803F00C036268B3EB820F14D0BF
:106F500000F0A4F8801B4045F3D9032045E0294BFD
:106F60001B6813F4003FE0D101203EE0254B1B6875
:106F700013F0007FD9D1012037E0214B1B6803F0CB
:106F80000703AB420AD91E4A136823F007032B43B9
:106F90001360136803F00703AB422ED1236813F08C
:106FA000040F06D0174A536823F4E063E1680B43EB
:106FB0005360236813F0080F07D0124A5368216901
:106FC00023F4605343EAC1035360FFF741FF0D4BC5
:106FD0005B68C3F303130C4AD35CD8400B4B1860B7
:106FE0000B4B186800F016F80020BDE8F081012076
:106FF00070470120F9E70120F7E70120F5E700BF1E
:10700000002002400010024000A1000808000020FB
:107010001000002010B504460E4B1A784FF47A7316
:10702000B3FBF2F30C4A1068B0FBF3F0FFF7AEFAD3
:1070300068B90F2C01D901200AE0002221464FF047
:10704000FF30FFF75FFA054B1C60002000E00120D5
:1070500010BD00BF0C000020080000201000002020
:1070600008B5074A136843F0100313600320FFF7C5
:1070700037FA0F20FFF7CEFFFFF7FAF9002008BD1F
:1070800000200240034A1168034B1B780B44136035
:10709000704700BFA82C00200C000020014B18688E
:1070A000704700BFA82C002038B50446FFF7F6FF54
:1070B0000546B4F1FF3F02D0044B1B781C44FFF798
:1070C000EDFF401BA042FAD338BD00BF0C000020EA
:1070D00011F0800F0BD001F0070101EB810100EBF3
:1070E000C100103052B90273C3800020704701EB19
:1070F000810100EBC10000F5A870F3E701220273E3
:1071000003811B0C4381F0E738B5002864D00446A6
:1071100090F89132A3B1032384F891320023637174
:10712000206801F073F8234653F8040B0ECB01F0EE
:107130005DF850B1022384F891320125284638BD0C
:1071400080F8903202F06EFEE5E70021206801F041
:1071500067F898BB257925B32346224600214FF0D6
:10716000010E084682F811E01174D074106250626A
:1071700042F8280F8C460131A942F3D100210A467A
:1071800083F8512183F8501183F85321C3F860210B
:10719000C3F86421C3F868212833614501F1010176
:1071A000EED1234653F8040B0ECB01F03BF8054615
:1071B00048B1022384F891320125BFE7022384F805
:1071C00091320125BAE700236373012384F89132D9
:1071D000206801F066FBB1E70125AFE738B590F80C
:1071E0009032012B11D00446012580F8905200689E
:1071F00001F003F82946204602F021FF206801F043
:107200004EFB002084F8900238BD0220FCE790F885
:107210009032012B0CD010B50446012380F8903237
:107220004173006801F035FB002084F8900210BD26
:10723000022070472DE9F04784B00546006801F050
:1072400032FB10F4004F26D110F4806F40F04C85D3
:1072500010F4804F40F0598510F4005F40F06185D4
:1072600010F4805340F0678510F4006F40F0828581
:1072700010F4007F40F0CD8510F4807F00F04E8543
:107280002A68B2F8443023F480731B041B0CA2F864
:10729000443000F043BD2868B0F8443013F4004F88
:1072A00000F03C8540F68F7605F52678002751E002
:1072B00003889BB223F4E14323F070036FEA434356
:1072C0006FEA53439BB203802A68B2F850309BB2F6
:1072D000297C03EBC10302EB4302B2F80434C3F38D
:1072E0000903EB626A6A1A446A623946284602F068
:1072F000CDFD6B7B3BB3AB6A2BBB6B7B2A6843F04A
:107300008003A2F84C3000236B731CE0B0F85030BF
:107310009BB295F8502103EBC20300EB4303B3F893
:107320000C34C3F30903C5F86C31B5F85621414656
:1073300001F031FE2A681388334043F08003138044
:10734000284602F08FFD2868B0F8443013F4004F4F
:1073500000F0E484B0F84440A3B214F00F0440F00D
:10736000828013F0100FA3D003889AB213F4006F39
:10737000CCD112F4004FE6D0038823F070031B0534
:107380001B0D43F0800303802868B0F850309BB297
:1073900095F8502103EBC20300EB4303B3F80C3420
:1073A000C3F30903C5F86C318BB1D5F8641171B121
:1073B000B5F8562101F0EFFDD5F86431D5F86C2110
:1073C0001344C5F864310021284602F053FD2A68B1
:1073D000138899B213F4006FB5D101F44051B1F59F
:1073E000405FB0D0B2F850309BB202F20C42D15A9A
:1073F000C1F30901D152D5F860113E291ED94809BF
:1074000011F01F0F08BF00F1FF30D15A89B241EAD5
:1074100080216FEA41416FEA514189B2D1522A6815
:1074200013889BB223F4804323F0700383F440530A
:1074300043F4004343F08003138084E739B9D15A01
:107440006FEA41416FEA514189B2D152E7E74808FA
:1074500011F0010F18BF0130D15A89B241EA8021E1
:1074600089B2D152DBE730F824301FFA83F913F4E4
:10747000004F4AD119F0800F3FF465AF2A6832F807
:1074800024309BB223F4E14323F070036FEA4343BB
:107490006FEA53439BB222F8243004EB840305EBDC
:1074A000C303DB7C012B00F0848119F4807F40F062
:1074B000F8812868B0F850309BB204EB840205EBE9
:1074C000C202117C04EB84024FEAC20E05EBC20239
:1074D000D2F828C0023303EBC10300EB4303B3F837
:1074E0000094C9F30909CC4540F2A084ACEB090330
:1074F0009362516A49445162D36A4B44D3620EF19C
:107500001001294401F0ECF91DE730F82430334034
:1075100043F0800320F8243004EB840305EBC3031D
:1075200093F85C31002B45D12868B0F850309BB2FD
:1075300004EB840205EBC20292F85021063303EB00
:10754000C20300EB4303B3F800A4CAF3090ABAF17B
:10755000000F23D104EB840305EBC303D3F86C21A4
:107560005244C3F86C21D3F864215244C3F8642117
:10757000D3F8683143B104EB840305EBC303D3F8BC
:1075800060319A4580F00B8104EB840305EBC30363
:1075900093F85011284602F06DFC6BE704EB840170
:1075A00005EBC1015346B1F85621D1F8641101F041
:1075B000F2FCCFE704EB840305EBC30393F85331EC
:1075C000022B37D004EB840205EBC20292F8500183
:1075D000296831F820309BB223F4E04323F0700394
:1075E00043F4004343F0C00321F82030286892F8A8
:1075F000502130F8223013F4804F00F0B480B0F8FE
:1076000050309BB2023303EBC20300EB4303B3F8E9
:1076100000A4CAF3090ABAF1000F9BD004EB84015D
:1076200005EBC1015346B1F85821D1F8641101F0BE
:10763000B2FC8FE719F4804F4AD02A68B2F8503074
:107640009BB204EB840005EBC00090F850110233AC
:1076500003EBC10302EB4303B3F800A4CAF3090A26
:10766000D0F868315345C0F06084A3EB0A0304EB03
:10767000840005EBC000C0F86831002B00F05C848A
:1076800019F0400F13D004EB840305EBC30393F808
:1076900050112A6832F821309BB223F4E04323F0E2
:1076A000700343F4004343F0C00322F82130BAF1E1
:1076B000000F3FF44FAF04EB840105EBC1015346CB
:1076C000B1F85821D1F86411286801F064FC41E751
:1076D0002A68B2F850309BB204EB840005EBC0007E
:1076E00090F85011063303EBC10302EB4303B3F8E8
:1076F00000A4CAF3090AD0F868315345C0F02D84BC
:10770000A3EB0A0304EB840005EBC000C0F868316A
:10771000002B00F0298419F0400F13D104EB8403EF
:1077200005EBC30393F850112A6832F821309BB25D
:1077300023F4E04323F0700343F4004343F0C00319
:1077400022F82130BAF1000F3FF404AF04EB8401BA
:1077500005EBC1015346B1F85A21D1F864112868EC
:1077600001F019FCF6E6B0F850309BB2063303EB9B
:10777000C20300EB4303B3F800A4CAF3090ABAF149
:10778000000F3FF4E7AE04EB840105EBC101534663
:10779000B1F85A21D1F8641101F0FDFBDAE604EBEF
:1077A000840105EBC10101F5A871286801F098F882
:1077B00060E6631C03EB8303002245F8332004EBEF
:1077C000840305EBC3031B7F03B319F0400F38D0CC
:1077D00004EB840305EBC3035B7C03BB2B68B3F8AA
:1077E000502092B204EB840105EBC101097C090130
:1077F00003F204431344CA5AC2F30902CA52CA5AD2
:107800006FEA42426FEA524292B2CA5204EB8404D7
:1078100005EBC404217C284602F038FB93E5012BDC
:10782000F4D12B68B3F8501089B204EB840205EB55
:10783000C202127C120103F204430B440021D15214
:10784000E4E72A6804EB840305EBC3035B7CBBB964
:10785000B2F850309BB204EB840105EBC101097C06
:10786000090102F20C421A448B5AC3F309038B52EA
:107870008B5A6FEA43436FEA53439BB28B52C5E77F
:10788000012BC3D1B2F8500080B204EB840305EBA6
:10789000C303197C090102F20C4303440022CA52BB
:1078A000B4E719F0400F00F036812A68B2F8503082
:1078B0009BB204EB840105EBC101087C04EB84015D
:1078C00005EBC101D1F828C0023303EBC00302EB82
:1078D0004303B3F800E4CEF3090EF44540F2AD8261
:1078E000ACEB0E038B6219F4804F7FD104EB840361
:1078F00005EBC30393F83430012B00F0858004EBD3
:10790000840405EBC404217C2A6832F821309BB240
:1079100023F4E04323F0400383F0300343F40043B7
:1079200043F0800322F821300DE5B2F850309BB2CD
:1079300002F204421A440001135AC3F3090313521A
:10794000135A6FEA43436FEA53439BB213522B68B7
:1079500004EB840205EBC202527C002A35D1B3F855
:10796000502092B204EB840105EBC101097C0901AE
:1079700003F20C431A448B5AC3F309038B528B5AFC
:107980006FEA43436FEA53439BB28B5204EB840389
:1079900005EBC303197C284602F078FA19F4804FEE
:1079A000ADD004EB840305EBC303197C2A6832F8DD
:1079B00021309BB223F4E04323F0700343F44043AF
:1079C00043F0800322F8213099E7012ADED1B3F891
:1079D000501089B204EB840205EBC202127C120142
:1079E00003F20C430B440021D152CFE732F8203090
:1079F0009BB223F4E04323F0700343F4404343F08D
:107A0000800322F8203071E704EB840305EBC30305
:107A10005A6A72445A62CA6A7244CA621A6B1B6A10
:107A20009A4231D304EB840105EBC101D21A0A63F7
:107A300004EB840205EBC202527C002A4ED12A6874
:107A4000B2F8501089B202F204420A4404EB8401F5
:107A500005EBC101097C0901505AC0F309005052DD
:107A60003E2B24D94FEA531C13F01F0F08BF0CF113
:107A7000FF3C505A80B240EA8C206FEA40406FEAE7
:107A8000504080B250522BE03AB904EB840305EB2E
:107A9000C30383F834207346CAE704EB840305EB81
:107AA000C303002183F8341019631346C0E73BB9C0
:107AB000505A6FEA40406FEA504080B250520FE097
:107AC0004FEA530C13F0010F18BF0CF1010C505A80
:107AD00080B240EA8C2080B2505201E0012A0AD0E4
:107AE00004EB840105EBC1019BB20A8B496A28684B
:107AF00000F0DFFE03E72A68B2F8501089B202F204
:107B000004420A4404EB840105EBC101097C09012C
:107B100098B25052E4E72A68B2F850309BB204EBB6
:107B2000840105EBC10191F810C004EB840105EB61
:107B3000C101D1F828E003EBCC0302EB4303B3F817
:107B40000C04C0F309008645C0F08E81AEEB000343
:107B50008B62002B00F08A8119F4804F0CD132F82F
:107B60002C309BB223F4E04323F0700343F44043F2
:107B700043F0800322F82C3004EB840305EBC303AD
:107B800093F83430012B7FF4BAAE04EB840305EB99
:107B9000C3035A6A02445A62CA6A0244CA621A6B2E
:107BA0001B6A9A4257D304EB840105EBC101D21A38
:107BB0000A63286804EB840205EBC202517C0029A9
:107BC00075D1B0F8501089B204EB840205EBC20203
:107BD00092F810C04FEA0C1C00F20C420A443CF828
:107BE0000210C1F309012CF802103E2B46D95809A6
:107BF00013F01F0F08BF00F1FF303CF8021089B2EC
:107C000041EA80216FEA41416FEA514189B22CF883
:107C100002104EE0012B40F06881B2F8501089B29A
:107C200002F204430B444FEA0C1C002223F80C2000
:107C30003BE1012A40F05981B3F8502092B203F29F
:107C40000C43134404EB840205EBC202127C1201C4
:107C50000021995249E13AB904EB840305EBC303CF
:107C600083F834200346A4E704EB840305EBC30345
:107C70000021196383F8341013469AE74BB93CF896
:107C800002106FEA41416FEA514189B22CF80210AB
:107C90000FE0580813F0010F18BF01303CF8021034
:107CA00089B241EA802189B22CF8021001E0012951
:107CB0000AD004EB840105EBC1019BB24A8B496AEF
:107CC000286800F0F6FD1AE6B0F850C01FFA8CFCE8
:107CD00004EB840205EBC202117C090100F20C42A4
:107CE000624498B28852E4E72A68B2F8443023F438
:107CF00080631B041B0CA2F84430284602F0D7F81E
:107D000000212846FFF783FA08E02A68B2F84430D9
:107D100023F480431B041B0CA2F8443004B0BDE8DC
:107D2000F0872A68B2F8443023F400531B041B0C7C
:107D3000A2F84430F2E72A68B2F8403023F0040396
:107D40001B041B0CA2F840302A68B2F8403023F024
:107D500008031B041B0CA2F84030284602F0CAF8A6
:107D60002A68B2F8443023F480531B041B0CA2F899
:107D70004430D3E72F683846ADF102010DF10E060D
:107D80000A4630F8044B22F8024FB242F9D1B7F854
:107D9000402092B242F00102A7F840202868B0F8D3
:107DA000402022F001021204120CA0F840202868A2
:107DB000B0F8442012F4806FFAD0B0F8442022F4D6
:107DC00080621204120CA0F844202A6831F8020FD5
:107DD000D0520433202BF8D12A68B2F840309BB23D
:107DE00043F00803A2F840302A68B2F8443023F484
:107DF00000631B041B0CA2F844302A68B2F8403020
:107E00009BB243F00403A2F84030284602F062F827
:107E100084E72A68B2F8443023F400731B041B0C77
:107E2000A2F84430284602F03CF877E7002393623A
:107E3000284602F02BF8FFF786BA00238B6204EB8A
:107E4000840305EBC3035B7C002B3FF46EAD012B79
:107E50007FF49CADB2F8501089B202F204430B4497
:107E6000000100221A5272E500238B6204EB8403A6
:107E700005EBC3035B7C002B7FF4CCAEB2F8503033
:107E80009BB202F204421A444FEA0C1C32F80C3046
:107E9000C3F3090322F80C3032F80C306FEA434385
:107EA0006FEA53439BB222F80C302B6804EB840238
:107EB00005EBC202527C002A7FF4BBAEB3F850201F
:107EC00092B204EB840105EBC101097C090103F2C4
:107ED0000C431A448B5AC3F309038B528B5A6FEA33
:107EE00043436FEA53439BB28B5204EB840305EB8D
:107EF000C303197C284601F0C9FF19F4804F7FF4B1
:107F0000FEAC04EB840305EBC303197C2A6832F84A
:107F100021309BB223F4E04323F0700343F4404349
:107F200043F0800322F82130E9E404EB840305EBFD
:107F3000C3030020C3F8680132F821309BB223F458
:107F4000804323F0700383F4005343F4004343F071
:107F5000800322F82130FFF793BB04EB840305EB89
:107F6000C3030020C3F8680132F821309BB223F428
:107F7000804323F0700383F4005343F4004343F041
:107F8000800322F82130FFF7C6BB10B5044608462F
:107F900011F0800F23D101F0070C0CEB8C0E04EBD9
:107FA000CE0E0EF5A871F4464FF0000E8CF851E19C
:107FB00000F0070008700A61CB70022B04BF002399
:107FC0000B7194F89032012B19D0012384F8903270
:107FD000206800F038F9002084F8900210BD01F00C
:107FE000070C0CEB8C0104EBC10110310CEB8C0C79
:107FF00004EBCC0C4FF0010E8CF811E0D8E7022016
:10800000ECE710B504460B4611F0800F1FD101F0CC
:10801000070202EB820100EBC10101F5A87102EB3E
:10802000820200EBC202002082F8510103F0070334
:108030000B7094F89032012B17D0012384F8903202
:10804000206800F0C7FA002084F8900210BD01F00B
:10805000070202EB820100EBC101103102EB820248
:1080600000EBC20201205074E0E70220EEE710B5F9
:1080700001F0070101EB810C00EBCC0CCCF8642182
:10808000CCF868310024CCF86C418CF851418CF864
:1080900050110CF5A871006800F022FC204610BDBC
:1080A00001F0070101EB810100EBC100D0F86C0188
:1080B000704710B501F0070101EB810C00EBCC0C0F
:1080C000CCF82420CCF8283001228CF83420CCF8CD
:1080D00030300024CCF82C408CF811208CF8101093
:1080E00061461031006800F0FBFB204610BD38B53A
:1080F00001F007050279AA4235D304460B4611F078
:10810000800F1ED101EB810100EBC10101F5A871C7
:1081100003EB830300EBC303002283F85121012307
:108120008B700D7094F89032012B1ED0012384F8CF
:108130009032206800F037FB7DB1002084F8900277
:1081400038BD05EB850100EBC101103105EB85035E
:1081500000EBC30301225A74E1E704F5267120689D
:1081600000F0A5FBE9E70120EAE70220E8E70B467B
:10817000017903F00F02914234D310B5044613F095
:10818000800F21D103F0070202EB820100EBC10155
:1081900001F5A87102EB820200EBC202002082F816
:1081A000510100228A7003F007030B7094F890329B
:1081B000012B19D0012384F89032206800F018FBBD
:1081C000002084F8900210BD03F0070202EB820148
:1081D00000EBC101103102EB820200EBC202012070
:1081E0005074DEE7012070470220ECE784B004A859
:1081F00000E90E00002004B0704703460020A3F8F9
:1082000044004FF43F42A3F840207047B0F840309C
:1082100023F47C535B045B0CA0F8403000207047D3
:108220000020704784B0844604A800E90E000123B2
:10823000ACF840300020ACF84000ACF84400ACF89A
:10824000500004B0704730B5034691F800E030F8B4
:108250002E2092B222F4EC4222F0700292B2C87840
:10826000032803D8DFE800F0040B0F0701200BE020
:1082700042F4007208E042F4C062002004E042F4DC
:108280008062002000E0002048F2800C42EA0C02EC
:1082900023F82E2091F800E033F82E2092B222F439
:1082A000E04222F070024EEA02024CEA020C23F88D
:1082B0002EC00A7B002A40F0BD804A78BAB3B3F8DA
:1082C00050E01FFA8EFE0A7803EB021202F580627C
:1082D000B1F806C04FEA5C0C4FEA4C0C22F80EC015
:1082E0000C7833F8242012F0400F0CD033F82420FF
:1082F00092B222F4E04222F0700242F4004242F0D4
:10830000C00223F82420CA78012A097833F82120F2
:1083100092B222F4E04222F0400218BF82F0200222
:1083200042F4004242F0800223F8212030BDB3F82D
:1083300050E01FFA8EFE0A7803EB021202F581620A
:10834000B1F806C04FEA5C0C4FEA4C0C22F80EC0A4
:10835000B3F850E01FFA8EFE0A7803EB021202F225
:108360000C4232F80EC0CCF3090C22F80EC00C6996
:108370003E2C36D9650914F01F0F08BF05F1FF35F3
:1083800032F80EC01FFA8CFC4CEA852C6FEA4C4C7C
:108390006FEA5C4C1FFA8CFC22F80EC00C7833F8A4
:1083A000242012F4804F0CD033F8242092B222F40F
:1083B000E04222F0700242F4404242F0800223F890
:1083C0002420097831BB1A8892B222F4804222F02C
:1083D000700282F4405242F4004242F080021A805D
:1083E000A4E74CB932F80E406FEA44446FEA5444B3
:1083F000A4B222F80E40D1E7650814F0010F18BFAF
:10840000013532F80E40A4B244EA8524A4B222F821
:108410000E40C3E733F8212092B222F4804222F0CA
:10842000700282F4005242F4004242F0800223F8CB
:1084300021207BE7CA78022A75D00C7833F82420F3
:1084400092B222F4E24222F0700242F4004242F080
:10845000800223F82420B3F850E01FFA8EFE0A7839
:1084600003EB021202F58062B1F808C04FEA5C0C1F
:108470004FEA4C0C22F80EC0B3F850E01FFA8EFE03
:108480000A7803EB021202F58162B1F80AC04FEAE2
:108490005C0C4FEA4C0C22F80EC04A78002A51D1ED
:1084A0000C7833F8242012F4804F0CD033F82420B9
:1084B00092B222F4E04222F0700242F4404242F0D2
:1084C000800223F824200C7833F8242012F0400F87
:1084D0000CD033F8242092B222F4E04222F0700251
:1084E00042F4004242F0C00223F824200C7833F812
:1084F000242092B222F4804222F0700282F4405290
:1085000048F2800C4CEA020223F82420097833F860
:10851000212092B222F4E04222F040024CEA020C06
:1085200023F821C002E70C7833F8242092B222F419
:10853000E04222F0700242F4014242F0800223F84D
:10854000242088E70C7833F8242012F4804F0CD0D4
:1085500033F8242092B222F4E04222F0700242F476
:10856000404242F0800223F824200C7833F8242083
:1085700012F0400F0CD033F8242092B222F4E042E3
:1085800022F0700242F4004242F0C00223F824209C
:10859000CA78012A0C7833F8242092B222F4E042FF
:1085A00022F0400218BF82F0200242F4004242F062
:1085B000800223F82420097833F8212092B222F493
:1085C000804222F0700242F4004242F0800223F81E
:1085D0002120ABE60B7B002B46D14B7813B30A78F6
:1085E00030F8223013F0400F0CD030F822309BB21C
:1085F00023F4E04323F0700343F4004343F0C0034B
:1086000020F822300A7830F822309BB223F4E0437D
:1086100023F0400343F4004343F0800320F822306A
:10862000002070470A7830F8223013F4804F0CD0C5
:1086300030F822309BB223F4E04323F0700343F47C
:10864000404343F0800320F822300A7830F822308B
:108650009BB223F4804323F0700343F4004343F0C0
:10866000800320F82230DBE74B78002B4DD10A78CD
:1086700030F8223013F4804F0CD030F822309BB207
:1086800023F4E04323F0700343F4404343F08003BA
:1086900020F822300A7830F8223013F0400F0CD046
:1086A00030F822309BB223F4E04323F0700343F40C
:1086B000004343F0C00320F822300A7830F822301B
:1086C0009BB223F4E04323F0700343F4004343F0F0
:1086D000C00320F8223091F800C030F82C309BB253
:1086E00023F4804323F0700348F28002134320F800
:1086F0002C30097830F821309BB223F4E04323F08A
:1087000040031A4320F821208AE70A7830F8223003
:1087100013F4804F0CD030F822309BB223F4E043A6
:1087200023F0700343F4404343F0800320F82230E9
:108730000A7830F8223013F0400F0CD030F8223095
:108740009BB223F4E04323F0700343F4004343F06F
:10875000C00320F822300A7830F822309BB223F48C
:10876000E04323F0700343F4404343F0800320F8D8
:10877000223091F800C030F82C309BB223F4E04353
:1087800023F0400348F28002134320F82C3009788C
:1087900030F821309BB223F4804323F070031A4356
:1087A00020F821203CE74B788BB10A7830F8223052
:1087B0009BB223F4E04323F0400383F0100343F41F
:1087C000004343F0800320F82230002070470A78ED
:1087D00030F822309BB223F4804323F0700383F4FB
:1087E000805343F4004343F0800320F82230ECE749
:1087F0000B7B002B4BD14B7833B30A7830F8223007
:1088000013F0400F0CD030F822309BB223F4E04339
:1088100023F0700343F4004343F0C00320F82230F8
:10882000CB78012B33D00A7830F822309BB223F476
:10883000E04323F0400383F0200343F4004343F07C
:10884000800320F8223022E00A7830F8223013F436
:10885000804F0CD030F822309BB223F4E04323F059
:10886000700343F4404343F0800320F822300A7839
:1088700030F822309BB223F4804323F0700383F45A
:10888000405343F4004343F0800320F8223000209B
:10889000704711B98023A0F84C30002070470020A9
:1088A000704700207047B0F8440080B27047002045
:1088B0007047013300EB420C0CF5806C62465B089C
:1088C0000DD002310CEB830C11F8010C11F8023CB5
:1088D00043EA002322F8043B02316245F4D1704799
:1088E000F8B505460C464B78012B3CD00A7B002A94
:1088F00040F015828B690A69934286BF991A134624
:108900000021A161B0F8502092B22078000105F258
:108910000C411144425AC2F3090242523E2B40F22A
:10892000E9815A0913F01F0F08BF02F1FF32435AC1
:108930009BB243EA82236FEA43436FEA53439BB2FD
:108940004352227835F822309BB223F4804323F03F
:10895000700383F4405343F4004343F0800325F84D
:1089600022300020F8BD0A698E69964228BF16465B
:108970000B7BD3B1CB78022B38D00B6A9B1B0B62DD
:108980000B7830F8232012F0400F00F0A581B0F8EA
:10899000502092B200F20C4111441A01B3B28B5232
:1089A00062896169FFF785FF0EE0B6B23346CA8877
:1089B0004969FFF77EFFB5F8501089B2227812019D
:1089C00005F204430B44D652227835F822309BB28C
:1089D00023F4E04323F0400383F0300343F40043E7
:1089E00043F0800325F822300020BBE70B6A9A424F
:1089F00080F054810A7830F822309BB223F4E043AF
:108A000023F0700343F4014343F0800320F8223045
:108A10000B6A9B1B0B620B7830F8232012F0400F7F
:108A200000F09E804A78002A32D1B0F8501089B206
:108A300000F20C420A441B01D15AC1F30901D15280
:108A40003E2E10D9700916F01F0F08BF00F1FF303D
:108A5000D15A89B241EA80216FEA41416FEA51411E
:108A600089B2D15216E03EB9D15A6FEA41416FEA5C
:108A7000514189B2D1520DE0700816F0010F18BFB4
:108A80000130D15A89B241EA802189B2D15201E044
:108A9000012A32D0B3B2628961692846FFF709FF23
:108AA000636933446361236A2269934286BF9A1BD8
:108AB0003346002222626278002A3DD1B5F8501078
:108AC00089B22078000105F204420A44815AC1F3B8
:108AD000090181523E2B1AD95E0913F01F0F08BFFE
:108AE00006F1FF36815A89B241EA86216FEA414197
:108AF0006FEA514189B2815220E0B0F8501089B23A
:108B000000F20C420A441B01B1B2D152C2E73BB998
:108B1000815A6FEA41416FEA514189B281520DE0B9
:108B20005E0813F0010F18BF0136815A89B241EA7D
:108B3000862189B2815201E0012A06D09BB22289A6
:108B400061692846FFF7B5FE3EE7B5F8500080B2F0
:108B50002178090105F20442024498B28852EDE7F7
:108B60004A78002A32D1B0F8501089B200F204429B
:108B70000A441B01D15AC1F30901D1523E2E10D92A
:108B8000700916F01F0F08BF00F1FF30D15A89B2EB
:108B900041EA80216FEA41416FEA514189B2D152E5
:108BA00016E03EB9D15A6FEA41416FEA514189B2AC
:108BB000D1520DE0700816F0010F18BF0130D15AE4
:108BC00089B241EA802189B2D15201E0012A32D032
:108BD000B3B2228961692846FFF76BFE63693344AB
:108BE0006361236A2269934286BF9A1B334600223F
:108BF00022626278002A3DD1B5F8501089B22078FF
:108C0000000105F20C420A44815AC1F30901815264
:108C10003E2B1AD95E0913F01F0F08BF06F1FF366D
:108C2000815A89B241EA86216FEA41416FEA514196
:108C300089B2815220E0B0F8501089B200F20442AB
:108C40000A441B01B1B2D152C2E73BB9815A6FEA63
:108C500041416FEA514189B281520DE05E0813F043
:108C6000010F18BF0136815A89B241EA862189B2C3
:108C7000815201E0012A06D09BB2628961692846CF
:108C8000FFF717FEA0E6B5F8500080B22178090181
:108C900005F20C42024498B28852EDE7097830F8A8
:108CA000212092B222F4E24222F0700242F4004209
:108CB00042F0800220F82120B0F8500080B22178E4
:108CC000090105F2044202449BB28B522289616978
:108CD0002846FFF7EEFD77E6B0F8502092B200F29A
:108CE000044111441A01B3B28B5222896169FFF722
:108CF000E0FD69E63BB9435A6FEA43436FEA5343E9
:108D00009BB243521DE65A0813F0010F18BF0132FF
:108D1000435A9BB243EA82239BB2435211E6CA787C
:108D2000022A4BD0012A40F034818A6909698A42BB
:108D300086BF501A0A460020A061002B7FF401AEC6
:108D4000B5F8500080B22178090105F204430344CC
:108D5000C85AC0F30900C8523E2A40F2C7805609DB
:108D600012F01F070CBF06F1FF3CB446C85A80B290
:108D700040EA8C206FEA40406FEA504080B2C8520F
:108D80006378002B40F0F780B5F850309BB205F2C5
:108D90000C421A4421780901535AC3F30903535270
:108DA000002F00F0E680535A9BB243EA86236FEA15
:108DB00043436FEA53439BB25352C2E5002B40D169
:108DC000B0F8501089B22278120100F204430B442B
:108DD000D15AC1F30901D15221693E294FD948091D
:108DE00011F01F0F08BF00F1FF30D15A89B241EADC
:108DF00080216FEA41416FEA514189B2D1526378D3
:108E0000002B66D1B5F8501089B22278120105F214
:108E10000C430B44D15AC1F30901D15221693E29B7
:108E200042D9480911F01F0F08BF00F1FF30D15A95
:108E300089B241EA80216FEA41416FEA514189B22A
:108E4000D152E369002B3FF47CAD227835F8221033
:108E500044F2400303EA01008B4302D000287FF470
:108E600070AD35F822309BB223F4E04323F0700359
:108E700043F4004343F0C00325F8223061E539B9DB
:108E8000D15A6FEA41416FEA514189B2D152B6E7F6
:108E9000480811F0010F18BF0130D15A89B241EAD8
:108EA000802189B2D152AAE739B9D15A6FEA41413A
:108EB0006FEA514189B2D152C3E7480811F0010F5E
:108EC00018BF0130D15A89B241EA802189B2D1520A
:108ED000B7E7012BB5D1B5F8501089B2227812014D
:108EE00005F20C430B44218AD152AAE7EAB9C85AC9
:108EF0006FEA40406FEA504080B2C8526378002B5E
:108F000039D1B5F850309BB205F20C4119442278A2
:108F100012018B5AC3F309038B528B5A6FEA4343F6
:108F20006FEA53439BB28B520BE5560812F00107D0
:108F300014BF06F1010CB446C85A80B240EA8C2036
:108F400080B2C8526378B3B9B5F850309BB205F21D
:108F50000C421A4421780901535AC3F309035352AE
:108F600007B10136535A9BB243EA86239BB2535250
:108F7000E7E4013E17E7012B7FF4E3ACB5F850308E
:108F80009BB2217803F20C4303EB011392B2EA5235
:108F9000D7E40120E6E430B500EB420000F5806440
:108FA0005D0814D001F1020C2046AE4630F8042BC7
:108FB00092B20CF8022C120A0CF8012C0CF1020CE3
:108FC000BEF1010EF2D101EB450104EB850413F073
:108FD000010F1CBF23880B7030BDD0F8BC3283B1A9
:108FE00010B5D0F8B84294F80002FF2807D09B686B
:108FF00094F8012221469847FF2384F8003200208C
:1090000010BD0020704700004323038000487047D4
:109010005800002043230380004870479C00002034
:109020004323038000487047140000200A23038074
:10903000004870471801002038B50446D0F8B852EF
:1090400000F0F2FFC5F80C02D4F8B8324BB1D4F8F6
:10905000BC32DB6805F50371D5F80402984700209F
:1090600038BD0220FCE7D0F8B82212B310B5D0F812
:10907000C04201EB810300EB8303DB694BB101EBE1
:10908000810C04EBCC04246AB3FBF4FC04FB1C331A
:109090001BB10020C2F8140210BD01EB810300EBEC
:1090A00083030024DC612346224600F0ADFF204606
:1090B000F2E702207047F0B583B006460C46D0F8C0
:1090C000B87200238DF80730ADF804300B7813F038
:1090D000600527D0202D53D1CA88DAB113F0800F54
:1090E0000CD0D0F8BC329B68394660789847E2884B
:1090F0003946304600F061FD002544E04B7887F8A2
:109100000032CB8887F80132CA88394600F06AFD00
:10911000002538E0D0F8BC329B6800224878984798
:10912000002530E04F780A2F10D00B2F1CD01FBB2A
:1091300090F89C32032B03D000F051FA022522E074
:10914000022201A900F039FD3D461CE090F89C3256
:10915000032B03D000F043FA022514E001220DF1A5
:10916000070100F02AFD0EE090F89C32032B0AD094
:1091700000F035FA022506E000F031FA022502E09F
:1091800000F02DFA0225284603B0F0BD38B504469C
:10919000812100F00AFF0025E5620121204600F050
:1091A00004FFC4F86C518221204600F0FEFE2564C5
:1091B000D4F8B8324BB1D4F8BC325B689847D4F8D5
:1091C000B80200F03BFFC4F8B852002038BD70B5BB
:1091D0000446037CA3BB4FF400730222812100F0FC
:1091E000D9FE0121E1624FF400730222204600F013
:1091F000D1FE0125C4F86C510823032282212046A8
:1092000000F0C8FE25644FF4077000F013FF054618
:10921000C4F8B80250B3D4F8BC321B689847002396
:10922000C5F81432C5F81832267CB6B94FF400736D
:10923000D5F804220121204600F0EEFE304670BD34
:1092400040230222812100F0A5FE0121E16240239A
:109250000222204600F09EFECBE74023D5F80422F0
:109260000121204600F0D8FE0026E7E70126E5E7C9
:1092700019B1C0F8BC120020704702207047D0F826
:10928000B832C3F80812C3F8102200207047D0F893
:10929000B832C3F8041200207047D0F8B8229AB14F
:1092A00008B5D2F814320BB1012008BD0123C2F871
:1092B0001432D2F8103203639BB2D2F80822812113
:1092C00000F0A2FE0020F0E70220704710B5D0F8B1
:1092D000B82292B1047C44B94FF40073D2F804224E
:1092E000012100F099FE204610BD4023D2F804224F
:1092F000012100F091FE0024F5E70224F3E798B184
:1093000008B50346D0F8B40210B10020C3F8B40287
:1093100009B1C3F8B012012183F89C121A701846E3
:1093200000F0EEFD002008BD0220704719B1C0F822
:10933000B412002070470220704708B500F022FEEA
:10934000002008BD08B5D0F8B43233B11B68984787
:10935000003818BF0120400008BD0220FCE708B516
:10936000D0F8B4325B689847002008BD38B5044691
:1093700000F52A75284600F01EF90123C4F894323E
:10938000B4F8AE32C4F8983294F8A81201F01F0372
:10939000012B08D0022B0BD07BB92946204600F0C8
:1093A00029F9002038BD2946204600F0DBFAF8E70D
:1093B0002946204600F006FBF3E701F08001204635
:1093C00000F0FBFDEDE738B504460D4681BB1346C2
:1093D000D0F89422032A03D0052A22D0084631E08F
:1093E000D0F86011D0F8642191420BD9891AC0F8E5
:1093F00060118A428CBF8AB292B2194600F001FC19
:1094000028461FE0D0F8B4321B691BB190F89C22AB
:10941000032A04D0204600F0FCFB284612E09847BF
:10942000F8E70021C0F8941200F0C7FD284609E0D3
:10943000D0F8B4329B6933B190F89C22032A04D14E
:109440009847002038BD0220FCE70220FAE738B533
:1094500004460D46002953D11346D0F89422022A1F
:1094600008D032F0040342D094F8A032012B42D04D
:10947000284638BD026A416A8A421BD8C269B2FBDB
:10948000F1F301FB13232BB9914203D8D0F89832A2
:109490009A421CD3D4F8B432DB681BB194F89C22F6
:1094A000032A21D08021204600F087FD204600F0CD
:1094B000BBFBD9E7521A026292B2194600F08AFB4E
:1094C00000231A461946204600F0A6FDCCE70022EC
:1094D000114600F07FFB0021C4F898120B460A46A3
:1094E000204600F099FDBFE720469847DAE7802143
:1094F00000F063FDB8E7002384F8A0322846B8E7FF
:10950000D0F8B4325B6933B190F89C22032A04D1BD
:1095100098470020ADE70220ABE70220A9E770B52D
:10952000044640230022114600F034FD0125C4F812
:1095300058514026C4F864613346002280212046F9
:1095400000F028FDA561666284F89C520023C4F8EF
:1095500094326360C4F8A432D4F8B8322BB1D4F892
:10956000B4325B68002120469847002070BD01742A
:109570000020704790F89C3280F89D32042380F8D8
:109580009C320020704790F89C32042B04BF90F866
:109590009D3280F89C320020704708B590F89C32CC
:1095A000032B01D0002008BDD0F8B432DB69002BBA
:1095B000F8D09847F6E70B7803704B784370CA7879
:1095C0008B7803EB022343804A790B7903EB022368
:1095D0008380CA798B7903EB0223C380704710B56F
:1095E0000446802100F0E9FC0021204600F0E5FC63
:1095F00010BD000030B583B005460C460B7803F073
:109600006003202B05D0402B03D05BB1FFF7E7FFB1
:1096100005E0D5F8B4329B682146284698470020DB
:1096200003B030BD4B78092B00F29781DFE813F0CF
:109630005F01830195017A019501C9000A00950136
:109640004001EE000023ADF806304A88130A013BC2
:10965000062B00F2A480DFE803F004182CA2A286F7
:109660009300D0F8B0321B680DF10601007C9847DA
:10967000BDF80630002B00F09F80E288002A40F001
:109680009280284600F0C5FAC9E7037C43B9D0F8B8
:10969000B4329B6A0DF10600984702234370E7E756
:1096A000D0F8B432DB6A0DF106009847022343700C
:1096B000DEE7D2B2052A52D8DFE802F003101D2AF5
:1096C0003744D0F8B0325B6823B10DF10601007C5D
:1096D0009847CDE72146FFF782FFA0E7D0F8B032E8
:1096E0009B6823B10DF10601007C9847C0E7214635
:1096F000FFF775FF93E7D0F8B032DB6823B10DF1C7
:109700000601007C9847B3E72146FFF768FF86E72C
:10971000D0F8B0321B6923B10DF10601007C9847E7
:10972000A6E72146FFF75BFF79E7D0F8B0325B6927
:1097300023B10DF10601007C984799E72146FFF718
:109740004EFF6CE7D0F8B0329B6923B10DF10601F2
:10975000007C98478CE72146FFF741FF5FE72146F1
:10976000FFF73DFF5BE7037C33B9D0F8B4325B6BA6
:109770000DF1060098477BE72146FFF730FF4EE7E3
:10978000037C43B9D0F8B4321B6B0DF10600984747
:10979000072343706CE72146FFF721FF3FE721468F
:1097A000FFF71DFF3BE79A4228BF1A46ADF8062097
:1097B0000146284600F001FAE388002B7FF42FAF22
:1097C0005FE78B88EBB9CB88DBB94B887F2B18D848
:1097D00090F89C22032A0DD0DCB280F89E422146EC
:1097E00000F00AFC284600F014FA34B1022385F890
:1097F0009C3214E7FFF7F3FE11E7012385F89C3252
:109800000DE721462846FFF7EAFE08E78B78544A21
:109810001370012B0DD890F89C22022A0CD0032A39
:1098200020D0FFF7DCFE4E4B19782846FFF797FD56
:10983000F5E6FFF7D4FEF2E68BB101214160032388
:1098400080F89C32FFF77EFD022803D0284600F006
:10985000E0F9E4E621462846FFF7C1FEDFE600F026
:10986000D8F9DCE68BB1416801291ED0C9B2FFF7F7
:1098700076FD3B4B197869602846FFF763FD0228A7
:109880000ED0284600F0C5F9C9E6022380F89C32C4
:1098900000214160FFF763FD284600F0BAF9BEE6FB
:1098A00021462846FFF79BFEB9E600F0B2F9B6E67E
:1098B000CB88012B0AD190F89C32022B09D9032BBB
:1098C00010D10122011D00F078F9A8E6FFF787FE0C
:1098D000A5E63BB10146002341F8083F012200F014
:1098E0006CF99CE621462846FFF779FE97E690F84A
:1098F0009C32013B022B12D8CB88022B0CD1D0F822
:10990000A432002B0CBF01230323014641F80C3F76
:10991000022200F052F982E6FFF761FE7FE6FFF7D0
:109920005EFE7CE64B88012B7FF479AEC0F8A43252
:1099300000F06FF973E690F89C32013B022B09D8D6
:109940004B88012B7FF46BAE0023C0F8A43200F0EB
:1099500060F964E6FFF743FE61E6FFF740FE5EE66E
:10996000AC2C002038B505460C460B7813F0400FA0
:1099700007D003F06002402A03D0FFF730FE00203A
:1099800038BD95F89C32013B022B16D82379012B68
:109990000ED8D5F8B4329B68214628469847E3880C
:1099A000002BECD10028EAD1284600F032F9E6E796
:1099B00021462846FFF713FEE1E721462846FFF738
:1099C0000EFEDCE738B504468A880B7803F06003A6
:1099D000202B05D0402B03D04BB1FFF700FE04E055
:1099E000D4F8B4329B6820469847002038BDD0B2E6
:1099F0004B78012B31D0032B05D0002B56D02046BD
:109A0000FFF7EDFDF1E794F89C32022B05D0032B14
:109A100013D02046FFF7E3FDE7E710F07F0F08D0F3
:109A20000146204600F0C9FA8021204600F0C5FA20
:109A3000DBE72046FFF7D3FDD7E74B8823B910F0CB
:109A40007F0F01D0CB881BB1204600F0E2F8CCE7B5
:109A50000146204600F0B1FAF6E794F89C32022B5A
:109A600005D0032B13D02046FFF7B9FDBDE710F05A
:109A70007F0F08D00146204600F09FFA8021204643
:109A800000F09BFAB1E72046FFF7A9FDADE74B8850
:109A9000002BAAD110F07F0F03D1204600F0B9F8B7
:109AA000A3E70146204600F090FAF6E794F89C32CE
:109AB000022B05D0032B18D02046FFF790FD94E72A
:109AC00010F07F0F03D02046FFF789FD8DE712F0DD
:109AD000800F14BF04F1140104F5AA7100230B6078
:109AE0000222204600F069F87FE712F0800F19D1BA
:109AF00000F00F0303EB830304EB8303D3F8583127
:109B00006BB300F07F0303EB830304EB830505F5E0
:109B1000AA75C0B900232B6002222946204600F016
:109B20004CF862E700F00F0303EB830304EB8303BD
:109B30009B6983B100F07F05013505EB850504EBDA
:109B400085058028E6D00146204600F046FA50B14F
:109B500001232B60E0E72046FFF741FD45E7204663
:109B6000FFF73DFD41E700232B60D5E720B310B49C
:109B70008446007848B16346184613F8014F002C1C
:109B8000FAD1CCF101031844C0B240000230108079
:109B9000087003234B709CF8000058B10223002486
:109BA0005A1CD2B2C8540233DBB28C541CF8010FD9
:109BB0000028F5D110BC7047704708B51346022243
:109BC000C0F89422C36103620A46002100F01CFA27
:109BD000002008BD08B513460A46002100F014FA1B
:109BE000002008BD08B513460322C0F89422C0F82F
:109BF0005C31C0F860310A46002100F00DFA002007
:109C000008BD08B513460A46002100F005FA0020F9
:109C100008BD08B50423C0F8943200231A4619463B
:109C200000F0F2F9002008BD08B50523C0F8943211
:109C300000231A46194600F0EFF9002008BD000085
:109C400008B500220F491048FFF759FB70B90F49BA
:109C50000D48FFF76BFB60B90D490B48FFF708FB98
:109C600050B90948FFF769FB48B908BDFBF7C0FACE
:109C7000EDE7FBF7BDFAEFE7FBF7BAFAF1E7FBF721
:109C8000B7FAF2E768010020B02C0020E0000020C5
:109C9000240100200020704738B504460968FBF70E
:109CA000B5FF054D21462846FFF7F1FA2846FFF794
:109CB0000DFB002038BD00BFB02C0020222801D0B1
:109CC0000020704708B5488800F00101C0F340004B
:109CD000FBF73CFF002008BD10B5064C00220649EA
:109CE0002046FFF7CCFA05492046FFF7D0FA0020BE
:109CF00010BD00BFB02C0020742F00207433002052
:109D0000094BD3F8B832D3F814320BB101207047A5
:109D100010B5054C0A4601462046FFF7B0FA20462A
:109D2000FFF7BBFA10BD00BFB02C002012230B8040
:109D3000004870475401002004230B8000487047FE
:109D4000500100208AB1013101EB42024FF0000CBA
:109D5000030FB0F1204F34BF3033373301F8013CEB
:109D6000000101F802CB9142F2D1704738B51A23B5
:109D70000B800C4BD3F8E807D3F8F037C01801D1AB
:109D8000094838BD074BD3F8EC57084C0822214648
:109D9000FFF7D8FF042204F110012846FFF7D2FF95
:109DA000EEE700BF00F0FF1F340100203601002065
:109DB00008B50A4602490348FFF7D8FE004808BD27
:109DC0007437002024A1000810B50A46034C214630
:109DD0000348FFF7CBFE204610BD00BF74370020BC
:109DE00034A1000808B50A4602490348FFF7BEFE41
:109DF000004808BD7437002044A1000808B50A4691
:109E000002490348FFF7B2FE004808BD743700203E
:109E100050A1000820B102280CBF01200220704789
:109E20007047000002680E4B9A4200D0704700B5A0
:109E300083B003F5DA33DA6942F40002DA61DB69F0
:109E400003F400030193019B002211461420FCF748
:109E500059FB1420FCF78CFB03B05DF804FB00BF3A
:109E6000005C004008B500F52671D0F8D402FFF779
:109E70007DFA08BD08B501EB810300EBC303D3F8FD
:109E80006421D0F8D402FFF79EFA08BD08B501EBB3
:109E9000810300EBC3035A6AD0F8D402FFF7D7FA64
:109EA00008BD08B5D0F8D402FFF777FB08BD10B5A0
:109EB00004468379022B09D10121D4F8D402FFF79B
:109EC00056FBD4F8D402FFF72AFB10BDFBF790F93C
:109ED000F2E7000010B50446D0F8D402FFF74AFBC1
:109EE000A37A23B1024A136943F00603136110BD3C
:109EF00000ED00E008B5D0F8D402FFF744FB08BD40
:109F000010B504461D48C0F8D442C4F8C0021C4B2A
:109F10000360082303710223837100238372C372D9
:109F20000373FDF7F1F830BB182300221146D4F873
:109F3000C002FDF7CDF8582300228021D4F8C002DA
:109F4000FDF7C6F8C02300228121D4F8C002FDF736
:109F5000BFF84FF4887300220121D4F8C002FDF746
:109F6000B7F84FF4807300228221D4F8C002FDF7C5
:109F7000AFF8002010BDFBF73BF9D5E7943B00207C
:109F8000005C004008B5D0F8C002FDF727F9FFF7E4
:109F900041FF08BD08B594461A466346D0F8C00292
:109FA000FDF7F3FFFFF736FF08BD08B5D0F8C00294
:109FB000FEF727F8FFF72EFF08BD08B5D0F8C0025E
:109FC000FEF795F8FFF726FF08BD08B5D0F8C002E8
:109FD000FEF7CDF8FFF71EFF08BDD0F8C03211F034
:109FE000800F01F07F0101EB810103EBC10314BF7E
:109FF000987C93F85201704708B5D0F8C002FDF77D
:10A0000006F9FFF707FF08BD08B5D0F8C002FEF754
:10A0100050F8FFF7FFFE08BD08B5D0F8C002FEF704
:10A0200026F8FFF7F7FE08BD08B5D0F8C002FEF726
:10A0300037F808BD004870477439002070477047F2
:10A04000FCF74CFA0B480C490C4A002302E0D458A8
:10A05000C4500433C4188C42F9D3094A094C002374
:10A0600001E013600432A242FBD3FBF79DF8FBF73B
:10A07000C3F87047000000208401002068A1000898
:10A08000840100206C3E0020FEE70A44914200F16A
:10A09000FF3300D1704710B511F8014B914203F81E
:10A0A000014FF9D110BD0000F8B500BFF8BC08BCE5
:10A0B0009E467047F8B500BFF8BC08BC9E46704786
:10A0C0004A4B4C20474241204275726E65727C318A
:10A0D0002E302E327C73746D33327C626F6F74312C
:10A0E0007C6762612C6762632C6672616D2C73659C
:10A0F00063746F722D65726173650000000000006B
:10A100000000000000000000010203040607080927
:10A110000102000002030405060708090A0B0C0DE2
:10A120000E0F10104A4B4C20474241204275726E70
:10A1300065720000434E5920496E647573747279DC
:10A140000000000043444320436F6E6669670000CF
:10A1500043444320496E7465726661636500000084
:10A16000755100084D510008AC010020281700204F
:10A1700000127A00010000001000000009074300EF
:10A18000020104C03209040000010202010005249A
:10A190000010010524010001042402020524060028
:10A1A000010705820308001009040100020A0000EB
:10A1B0000007050102400000070581024000000081
:10A1C00009024300020100C032090400000102023A
:10A1D00001000524001001052401000104240202ED
:10A1E0000524060001070582030800100904010088
:10A1F000020A000000070501024000000705810275
:10A200004000000009024300020100C032090400BE
:10A2100000010202010005240010010524010001D3
:10A220000424020205240600010705820308001029
:10A2300009040100020A00000007050102000200F3
:10A240000705810200020000CF9100088D910008EF
:10A25000B790000800000000DB8F0008679000083E
:10A26000399000080000000000000000000000001D
:10A270001590000809900008219000082D90000812
:10A280000A0600020000004001000000D99C0008FE
:10A29000959C0008BD9C0008999C00081A030000CA
:10A2A00000000000000000000000000000000000AE
:10A2B0000000000000000000040309041201000275
:10A2C0000202004083042107000201020301000092
:10A2D0002D9D0008399D0008C99D0008B19D00080A
:0CA2E0006D9D0008E59D0008FD9D000834
:020000040800F2
:10FC00004A4B4C41EC52000049ADE4950200010022
:00000001FF
