:020000040800F2
:10000000005000208D0A0008690A00086B0A0008E9
:100010006D0A00086F0A0008710A0008000000005D
:10002000000000000000000000000000730A00084B
:10003000750A000800000000770A0008790A000825
:10004000D50A0008D50A0008D50A0008D50A000814
:10005000D50A0008D50A0008D50A0008D50A000804
:10006000D50A0008D50A0008D50A0008D50A0008F4
:10007000D50A0008D50A0008D50A0008D50A0008E4
:10008000D50A0008D50A0008D50A0008D50A0008D4
:100090007D0A0008D50A0008D50A0008D50A00081C
:1000A000D50A0008D50A0008D50A0008D50A0008B4
:1000B000D50A0008D50A0008D50A0008D50A0008A4
:1000C000D50A0008D50A0008D50A0008D50A000894
:1000D000D50A0008D50A0008D50A0008D50A000884
:1000E000D50A0008D50A0008D50A0008000000005B
:1000F0000000000000000000000000000000000000
:1001000000000000000000005FF808F10348044B05
:10011000834202D0034B03B1184770477C01002093
:100120007C010020000000000548064B1B1AD90F77
:1001300001EBA301491002D0034B03B118477047EC
:100140007C0100207C0100200000000010B5064C5E
:10015000237843B9FFF7DAFF044B13B10448AFF338
:1001600000800123237010BD8001002000000000EA
:10017000B03C000808B5054B1BB105490548AFF375
:100180000080BDE80840FFF7CFBF00BF00000000BF
:1001900084010020B03C000803460244934200D191
:1001A000704703F8011BF9E770B500260C4D0D4CA4
:1001B000641BA410A64209D103F07AFD00260A4D63
:1001C0000A4C641BA410A64205D170BD55F8043B2F
:1001D00098470136EEE755F8043B98470136F2E7B9
:1001E0007C3D00087C3D00087C3D0008803D000807
:1001F000024601444FF6FF7030B5084D082412F84E
:10020000013B584040F300032B4083EA5003013C7C
:1002100098B2F7D18A42F1D130BD00BF01A0FFFFF3
:1002200000687047F8B5154B154DD3F8B8624A23EE
:100230002B70130A14466870AA70EB7012B1281D57
:1002400003F028FD271D39460D48FFF7D1FFE8557B
:100250002544000A687101F0B7FA0546D6F8143251
:100260002BB101F0B1FA431BB3F5FA7FF6D3A11D10
:10027000034889B2BDE8F84000F046BB7018002082
:10028000A6050020002310B586B0CDE90233019306
:10029000CDE9040100F012FD01A902A800F092FCD2
:1002A000044600F01DFDB4FA84F0400906B010BD0C
:1002B0002DE9F0410F4606461546002400F0FEFCED
:1002C00007F10108631C9D4294BF6FF0FF0398F98A
:1002D000003018F8012C88BF1B021A433119002383
:1002E000012092B2023400F02FFDA54211D908F18D
:1002F00002080028E6D0002400F0F2FC6CB12A4687
:100300003946304603F09CFCB0FA80F04009BDE865
:10031000F081B0FA80F46409EEE72046F7E70000C8
:1003200000224FF0FF3330B50A4D824201D1D8434D
:1003300030BD02F1006101F5A04109784B40082170
:1003400043F300042C40013984EA5303F8D101320D
:10035000EBE700BF2083B8ED10B5124C124B2268BA
:100360009A421DD14AF6F8336068A0F108029A4219
:1003700016D80E4B1A6802F16042B2F5A04F0FD8A2
:100380005A689A420CD300F1006303F5A0439342EC
:1003900006D9FFF7C5FFA3681B1A5842584110BD84
:1003A0000020FCE700FC00084A4B4C4100500008CC
:1003B00072B6FEE738B5074C0A4623685D1840F66A
:1003C00014018D4205D801460348184403F062FC2D
:1003D000256038BD2C060020300600202DE9F04FA6
:1003E0001025A7B001F0D2F91422002110A8FFF7C0
:1003F000D3FE1422002109A8FFF7CEFE2A460021D1
:1004000005A8FFF7C9FE02244FF480330122CDE98D
:100410001543CDE90E234FF4E0130EA81292179363
:1004200000F020FF08B172B6FEE70F23CDE90934D2
:100430004FF480630B90CDE90C30214609A801F000
:10044000D3F808B172B6FEE7089005A8059500F04C
:1004500023FE044608B172B6FEE7B64DEB6943F0E1
:100460008053EB61EB6903F080530393039BEB69CB
:1004700043F00063EB61EB6903F000630493049BBA
:1004800000F004FEAC4A5368546044F64B229BB221
:10049000934226D0FFF760FF18B3A84BD3E900655D
:1004A00000F074FE01F03EF94FF0E0231C615C6146
:1004B0009C6172B64FF0FF322046830003F1604327
:1004C000013003F561430828C3F88020C3F8802178
:1004D000F3D19B4B994A9A6086F3088862B6A84785
:1004E000FEE7012700264FF480414FF002084FF449
:1004F0008054AB693A4643F01003AB61AB69914855
:1005000003F010030993CDE90E17099B1096CDF85F
:10051000448000F0ADFD8B480EA900F067FCAB698C
:10052000324643F00403AB61AB69214603F0040398
:1005300085480593059BCDE90E471096CDF844807C
:1005400000F096FD0EA9804800F050FC142001F048
:1005500041F921467C4800F01DFD03F03BFA01F013
:1005600033F90646794D7A4F7A4C23686BB12A7875
:100570004A2A19D072B678492268481E013A03F017
:100580006FFB2368013B236062B601F01DF9801BFD
:10059000B0F5967FE9D901F017F94FF4804106468E
:1005A000684800F06AFDDFE7032BEED940F20A420B
:1005B000B5F8029009F10608904506D972B60022F6
:1005C000226062B6114601209DE04345DDD309F16A
:1005D000040305EB0902527915F803B0DFF87CA19A
:1005E000294650464BEA022B4246019303F052FB48
:1005F00072B622682846A2EB080205EB080103F058
:100600002FFB2268A2EB0802226062B6019B5046D3
:100610001946FFF7EDFD834501D00022D2E79AF895
:1006200001A00AF1FF33042BF7D8DFE813F005002F
:10063000A700C800ED002001FFF78EFE0022484908
:100640000DF1380C11F8013B02F1010E002B5DD1C8
:100650000EAB03EB020E1C234249DFF8E08028FAC0
:1006600003FC0CF00F0C11F80CC0043B13F1040F49
:100670000EF801CBF3D108320EABDFF8EC8003EBC0
:10068000020C18F801EB531CBEF1000F42D14FF0E1
:10069000610E8CF800E04FF0630C98336B4403F864
:1006A00060CC4FF0300C02F198036B4403F85ECC41
:1006B00003F85DCCDFF8B4C004321CF8013B6BBB1F
:1006C0002B4BDFF8B0C0002808BF6346013B13F88E
:1006D00001CFBCF1000F27D108B1274BD8680EAB72
:1006E00003EB020E142320FA03FC0CF00F0C11F89C
:1006F0000CC0043B13F1040F0EF801CBF3D1002022
:10070000063292B20EA9FFF78DFD3EE772460CF855
:10071000013B97E71A460CF801EBB2E70DF1380EF2
:100720000EF802300132C8E70DF1380E0EF802C0A3
:100730000132CCE700100240006C0040005000087D
:1007400000ED00E0001001400008014030060020EC
:100750004A4B4C412C060020310600209C01002011
:10076000E13C00080C3D0008F03C0008F63C0008A5
:10077000C83C0008D53C000800FC0008B9F1040F93
:100780007FF44BAF4448FFF74BFD431EB3F52C4FAE
:100790008046BFF442AF01214048FFF773FD50B1DE
:1007A00008F2FF313E48890AFFF76CFD80F0010036
:1007B00040005FFA80FA002250461146A3E7B9F1E3
:1007C000050F7FF62AAF19F0010F7FF426AF3248EC
:1007D000FFF726FD10F001087FF41FAFA9F1040216
:1007E0008318B3F52C4F3FF618AF00F100602D4988
:1007F00000F5A040FFF75CFD80F00100400042469C
:10080000414600F0FE007EE7B9F10C0F7FF405AF22
:1008100021480E97FFF704FD03460F902148FFF78C
:10082000FFFC109080462048FFF7FAFC5A1EB2F5F4
:100830002C4F119004D21846FFF772FD804503D06B
:100840000022032011465EE701211448FFF71AFD3C
:1008500058B1102211480EA9FFF72AFD80F00100BF
:100860004000C0B2002211464DE70220FAE7002204
:1008700010461146FFF7D6FC642000F0ABFFBFF333
:100880004F8F0A490A4BCA6802F4E0621343CB60F7
:10089000BFF34F8F00BFFDE7A001002000FC000860
:1008A00000500008A4010020A801002000ED00E095
:1008B0000400FA05002070470020704738B5044650
:1008C000064D0968FFF776FD2146284602F09CFC9C
:1008D000284602F0B8FC002038BD00BF7018002088
:1008E00010B5064C00222046054902F085FC204642
:1008F000044902F089FC002010BD00BF70180020E0
:10090000440E00204412002010B5094C0A46D4F8C9
:10091000B832D3F8143243B90146204602F06CFCD9
:100920002046BDE8104002F075BC012010BD00BF9C
:1009300070180020122301480B80704730000020FF
:10094000042301480B8070472C000020002370B561
:100950001E464D1C040FB0F1204F34BF30343734E5
:1009600001F8134005F813600133DCB2A2424FEAEC
:100970000010EFD870BD00001A2310B50B800A4B91
:10098000D3F8E807D3F8F02780180AD0D3F8EC475B
:1009900006490822FFF7DAFF042220461031FFF74C
:1009A000D5FF034810BD00BF00F0FF1F120000205C
:1009B0001000002010B5044C0A460448214602F0FD
:1009C000ADFF204610BD00BF441600201D3D0008AD
:1009D00010B5044C0A460448214602F09FFF204609
:1009E00010BD00BF441600202A3D000810B5044C7D
:1009F0000A460448214602F091FF204610BD00BF80
:100A000044160020413D000810B5044C0A46044835
:100A1000214602F083FF204610BD00BF441600208F
:100A20004C3D00080E4B82B09A6942F001029A6177
:100A30009A6902F001020092009ADA6942F080524B
:100A4000DA61DB69074A03F080530193019B536825
:100A500023F0E06343F00073536002B0704700BFBF
:100A60000010024000000140FEE7FEE7FEE7FEE75F
:100A7000FEE770477047704700F09ABE014800F0EB
:100A800063BF00BF541D002070470000FFF7FCFF4C
:100A90000B480C490C4A002302E0D458C4500433DC
:100AA000C4188C42F9D3094A094C002301E01360B1
:100AB0000432A242FBD3FFF777FBFFF78FFC7047AE
:100AC000000000207C010020843D000880010020FF
:100AD0002C200020FEE7000007490302CA6803F447
:100AE000E06322F4E0621204120C134343F0BF638C
:100AF00043F40033CB60704700ED00E0154B30B598
:100B0000DC68C4F30224C4F10703251D042B28BFAD
:100B10000423062D4FF0FF3594BF0024033C05FA53
:100B200003F321EA0303A54022EA0502A3400028BB
:100B300043EA0203ACBF00F16040074A4FEA0313E7
:100B4000DBB2ABBF00F5614000F00F0080F800336E
:100B5000135430BD00ED00E014ED00E0002807DB89
:100B600001234109034A00F01F00834042F821306D
:100B7000704700BF00E100E00138B0F1807F0BD288
:100B80004FF0E023F021054A586182F8231000203D
:100B9000072298611A6170470120704700ED00E05C
:100BA0000022064BDA61064B1A6942F002021A6112
:100BB00058611A6942F040021A61704748180020D3
:100BC000002002402DE9F041264F05463B7E884635
:100BD000012B44D001243C7603684CF25030022BA8
:100BE0001AD100F087F820B1012000233B76BDE840
:100BF000F0811D4CF86123694CF2503043F004033E
:100C00002361236943F04003236100F073F82369F3
:100C100023F004032361E8E700F06CF80028E3D137
:100C20004FF0FF33C8F800302046AE680E4CD5E9CF
:100C3000023203EB8223B342D7D93046FFF7B0FF2D
:100C40004CF2503000F056F8236923F00203236180
:100C500010B1C8F80060C8E706F58066E7E7022033
:100C6000C5E700BF4818002000200240114AD368A1
:100C700013F0100305D01049CB6943F00203CB6198
:100C80001023D268500706D50B4943F00403CA6904
:100C900042F00102CA61074AD169C90708D506486E
:100CA000C16941F00401C161D16921F00101D16143
:100CB000D36070470020024048180020064B186996
:100CC00010F0800007D0054A5A6002F188325A605D
:100CD0001869C0F3C0107047002002402301674527
:100CE000034A0020136943F080031361704700BF7B
:100CF0000020024070B5054600F066FD0646114C26
:100D0000E368D80712D4E368990644BF2023E36060
:100D1000E368DA0606D4E369DB0703D4E06810F081
:100D2000040007D0FFF7A2FF012003E06B1CE7D00F
:100D30000DB9032070BD00F047FD801BA842DFD92C
:100D4000F7E700BF002002402DE9F84FDFF894A03C
:100D50001F469AF818300546012B884691463FD029
:100D600001234CF250308AF81830FFF7C3FF90BBD4
:100D7000012D03D0022D14BF042502250026334681
:100D8000DFF864B03401C4F12001A4F1200207FAB5
:100D900001F129FA04F4CAF81C300C4327FA02F2D4
:100DA0001443DBF81020A4B242F00102CBF810206B
:100DB0004CF2503028F81640FFF79CFFDBF810206B
:100DC00022F00102CBF8102028B90136F2B2954288
:100DD0004FF00003D6D800238AF81830BDE8F88F0A
:100DE0000220FBE748180020002002402DE9F74FC1
:100DF00000244FF00F0E2646DFF884C1614B00F14E
:100E000004080A6832FA06F502D103B0BDE8F08F93
:100E1000012505FA06F702EA070537EA020276D14C
:100E20004A68032A07D8013A022A00F28380DFE8E1
:100E300002F091969C00122A00F0948069D8112A41
:100E400000F08A80FF2D94BF8146C1464FEA86029A
:100E5000D9F8007088BF203A0EFA02FA27EA0A078A
:100E600004FA02F21743C9F80070D1F8049019F09F
:100E7000805F4CD0DCF8182026F0030742F0010216
:100E8000CCF81820DCF8182007F1804702F00102A6
:100E9000019207F5803706F0030A019A4FEA8A0AA1
:100EA000BA680EFA0AFB22EA0B0B374A904260D06E
:100EB00002F5806290425ED002F5806290425CD082
:100EC00002F58062904214BF0422032202FA0AF261
:100ED00042EA0B02BA609A6819F4801F14BF2A43D1
:100EE000AA439A60DA6819F4001F14BF2A43AA4380
:100EF000DA605A6819F4003F14BF2A43AA435A60C3
:100F00001A6819F4803F14BF2A43AA431A600136B5
:100F100077E7DFF878904A450CD014D8A9F5801906
:100F20004A4507D009F570294A4503D0A9F580192B
:100F30004A4587D18A68D2B1012A4FF008040CBF14
:100F4000076147617EE7DFF848904A45F2D009F52E
:100F50008039EDE7CC6875E7CC68043472E7CC687B
:100F600008346FE7CC680C346CE700246AE704248B
:100F700068E70022AAE70122A8E70222A6E700BF4D
:100F8000001002400004014000080140000022104F
:100F9000000031102DE9F74F4FF0040B00224FF005
:100FA000010A4FF00F0800EB0B0301932E4B31FAAF
:100FB00002F402D103B0BDE8F08F0AFA02F70F4045
:100FC00049D022F0030404F1804404F5803402F097
:100FD000030CA5684FEA8C0C08FA0CF909EA050E17
:100FE000224DA84239D005F58065A84237D005F5D5
:100FF0008065A84235D005F58065A84214BF042558
:10100000032505FA0CF575456FEA07060FD11D6833
:1010100035401D605D6835405D60DD683540DD60F0
:101020009D6835409D60A56825EA0905A560FF2FEC
:1010300094BF0746019F4FEA82043D6888BF203C69
:1010400008FA04FC25EA0C050BFA04F425433D607C
:10105000C4683440C4600132A9E70025D1E7012506
:10106000CFE70225CDE700BF0004014000080140A2
:101070000AB1016170470904FBE7C36801EA030292
:1010800021EA030141EA0241016170470122014B5B
:101090001A62704700000E4203682DE9F3410546CD
:1010A000D80721D5364CE369D9002BD40126E36952
:1010B00043F08053E361E36903F080530193019BA4
:1010C000304F3B68DA051FD5236A6A6813F4407312
:1010D0002ED1236A6A6823F44073134323621EB13E
:1010E000E36923F08053E3612A68910706D5244918
:1010F000A8684B6823F4404303434B60D30636D4BF
:10110000002012E00026DBE73B6843F480733B607D
:1011100000F05AFB80463B68DB05D5D400F054FB59
:10112000A0EB08006428F6D9032002B0BDE8F081E6
:1011300002F440729A42CCD00120134A236AC2F8CA
:101140004004002023F44071DF07C2F8400421620C
:10115000BFD500F039FB41F288380746236A98076B
:10116000B7D400F031FBC01B4045F7D9DCE7044A97
:10117000E968536823F480030B435360C0E700BF62
:1011800000100240007000400000424270B500F0C4
:101190001BFB05462F4C236843F0010323602368A3
:1011A0009B073BD5236841F2883623F0F80343F0D0
:1011B0008003236000F008FB00230546636063683A
:1011C00013F00C0F32D1244B244A1A60244B1868B8
:1011D00000F0B8FA054600283AD100F0F5FA0646C4
:1011E000236823F080732360236813F0007323D1F6
:1011F000636000F0E9FA0646236823F410232360B5
:10120000236813F400331DD1226822F48022226067
:10121000626A42F080726262A36005E000F0D4FA74
:10122000401B0228BBD90325284670BD00F0CCFA2C
:10123000401BB042C3D9F6E700F0C6FA801B022873
:10124000D2D9F0E700F0C0FA801B6428D8D9EAE7C9
:101250000125E9E7001002406000002000127A003A
:10126000680000202DE9F341054638B30368DB0729
:1012700010D42B689F075ED42B68190700F1958066
:101280002B685A0700F1C180EB69002B40F02C81DC
:10129000002029E0904C636803F00C03042B07D076
:1012A000636803F00C03082B0AD16368DE0307D5DB
:1012B00023689C03DDD56B68002BDAD1012013E095
:1012C0006B68B3F5803F12D1236843F48033236009
:1012D00000F07AFA064623689803CAD400F074FA3C
:1012E000801B6428F7D9032002B0BDE8F0819BB9C8
:1012F000236823F480332360236823F4802323604E
:1013000000F062FA064623689903B2D500F05CFA51
:10131000801B6428F7D9E6E7B3F5A02F236803D133
:1013200043F480232360CFE723F4803323602368D2
:1013300023F48023CBE7684C636813F00C0F07D0CD
:10134000636803F00C03082B10D16368DA030DD433
:1013500023689B0702D52B69012BAFD123686A69EB
:1013600023F0F80343EAC203236085E72A695B4B55
:101370006AB101221A6000F027FA064623689F0727
:10138000ECD400F021FA801B0228F7D9ABE71A60F1
:1013900000F01AFA0646236898077FF56DAF00F053
:1013A00013FA801B0228F6D99DE7AA694A4E4B4BD7
:1013B000E2B10122C3F8802400F006FA0446736A01
:1013C0009B070DD54FF4FA52454B1B68B3FBF2F364
:1013D000019300BF019B5A1E0192002BF9D14FE7E8
:1013E00000F0F2F9001B0228E9D97CE7C3F8802459
:1013F00000F0EAF90446736A9F077FF541AF00F0F9
:10140000E3F9001B0228F6D96DE7334CE369D800F5
:1014100024D40127E36943F08053E361E36903F0D7
:1014200080530093009B2F4E3368D90518D5EB6885
:10143000012B26D1236A43F00103236200F0C4F993
:1014400041F288380646236A9B073FD5002F3FF4B8
:101450001BAFE36923F08053E36115E70027E2E760
:10146000336843F48073336000F0AEF9804633682C
:10147000DA05DCD400F0A8F9A0EB08006428F6D95E
:1014800031E7ABB9236A41F2883823F001032362C4
:10149000236A23F00403236200F096F90646236AC8
:1014A0009807D3D500F090F9801B4045F7D91AE78B
:1014B000052B236A03D143F004032362BAE723F028
:1014C00001032362236A23F00403B6E700F07CF9EA
:1014D000801B4045B7D906E7001002400000424299
:1014E00060000020007000402A4C626802F00C028C
:1014F000082A3ED00022022B274B1A662CD100F07E
:1015000063F906462368990120D42B6AB3F5803F1E
:1015100005D16268A96822F400320A436260696AF0
:1015200062680B4322F474121343012263601A4B66
:101530001A6600F049F9054623689A013FF5A8AEFE
:1015400000F042F9401B0228F6D9CCE600F03CF945
:10155000801B0228D6D9C6E600F036F90546236876
:101560009B017FF595AE00F02FF9401B0228F6D9BC
:10157000B9E6012B3FF4A2AE60682B6A00F480321A
:101580009A427FF49BAE6B6A00F47010C01A18BFC9
:101590000120A9E600100240000042420D4A5368B3
:1015A00003F00C01082912D10B48C3F38341DB037C
:1015B000405C09D55368094AC3F340435043084A85
:1015C000D35CB0FBF3F07047064B584370470348B9
:1015D000704700BF001002406C3D000800127A0006
:1015E0006A3D000800093D002DE9F0410D46044622
:1015F00010B90120BDE8F081444A136803F00703E5
:101600008B4228D321688E0730D4CA0743D43F4A7F
:10161000136803F00703AB4265D822683C4D12F013
:10162000040F6CD1130706D56B68226923F460534D
:1016300043EAC2036B60FFF7B1FF6B68354AC3F33F
:101640000313D35CD840344B1860344B186800F057
:1016500079F80020CEE7136823F007030B431360EB
:10166000136803F007038B42C3D1CBE7284B11F07B
:10167000040F1EBF5A6842F4E0625A60080742BF76
:101680005A6842F460525A605A68A06822F0F00228
:1016900002435A60B9E762681D4E012A33681AD1C5
:1016A00013F4003FA5D0736841F2883823F0030398
:1016B0001343736000F088F807467368626803F0AC
:1016C0000C03B3EB820FA2D000F07EF8C01B4045A4
:1016D000F3D903208EE7022A02D113F0007FE1E75D
:1016E00013F0020FDEE7136823F007032B431360A8
:1016F000136803F00703AB427FF47BAF8DE76B68A1
:10170000E16823F4E0630B436B608BE70020024049
:10171000001002405A3D00086000002068000020D0
:101720007047000010B54FF0FF320024044B1A61DF
:101730001C61DA60DC60FFF7F3FF204610BD00BFDC
:101740000010024038B50E4B05461A784FF47A73F4
:10175000B3FBF2F30B4A1068B0FBF3F0FFF70CFA9F
:10176000044658B90F2D09D8024629464FF0FF30DC
:10177000FFF7C4F92046044B1D6038BD0120FCE78B
:10178000640000206000002068000020074A08B5BF
:101790001368032043F010031360FFF79DF90F2037
:1017A000FFF7D0FFFFF73EF9002008BD0020024000
:1017B000034A044B11681B780B441360704700BF49
:1017C0006818002064000020014B1868704700BFB3
:1017D0006818002038B50446FFF7F6FF0546631C7D
:1017E0001EBF044B1B78E418FFF7EEFF431BA34218
:1017F000FAD338BD6400002010B5282411F0800F02
:101800001BBF01F0070104FB010004FB01001030C5
:1018100008BF00F5A87099B21AB90273C180002000
:1018200010BD012283600273F9E7F8B50446E0B108
:1018300090F8913203F0FF021BB980F8902202F079
:10184000F7F8032384F8913200232546637155F895
:10185000040B00F084FE95E80E00206800F06FFE97
:10186000014628B1022384F8913201252846F8BDAB
:10187000206800F07EFE0028F4D102460127267978
:1018800004F11003C1B28E4203F1280318D80021DD
:101890000A4604F5A873C8B2864203F128031BD890
:1018A00095E80E00206800F066FE05460028D9D1B4
:1018B00001236073206884F8913201F011F9D5E7B3
:1018C00043E9062203F8277C03F8281C03F8252C9B
:1018D00043F8102C0130D5E743E9062203F8272C02
:1018E00003F8280C03F8252C43F8102C0131D2E71B
:1018F00038B590F890320446012B10D0012580F8BD
:101900009052006800F022FE2946204602F097F926
:10191000206801F0E3F8002084F8900238BD02202E
:10192000FCE710B590F890220446012A0AD0012263
:10193000417380F89022006801F0CAF8002084F812
:10194000900210BD0220FCE72DE9F04F044685B05F
:10195000006801F0C7F810F4004500F04F84282516
:10196000C64E2068B0F844301F0402D405B0BDE86C
:10197000F08FB0F8443013F00F0799B240F0C080F8
:1019800011F0100126D103889BB2334043F4004389
:101990000380B0F85030227C9BB203EBC20300EB13
:1019A0004303B3F80434626AC3F309031A44E362DD
:1019B0002046626202F06BF8637B002BD1D0A26AF2
:1019C0002168002ACDD1637B43F08003A1F84C301D
:1019D0006273C6E70788BBB217F4006721D0B0F87E
:1019E000503094F850219BB203EBC20300EB430349
:1019F000B3F80C34B4F85621C3F30903C4F86C31BE
:101A000004F5267101F0B9FA22682046138823F004
:101A100070031B051B0D43F08003138002F028F8B0
:101A20009FE719049DD5038823F070031B051B0D48
:101A300043F080030380B0F8503094F850219BB2FB
:101A400003EBC20300EB4303B3F80C34C3F3090305
:101A5000C4F86C318BB1D4F8641171B1B4F856216B
:101A600001F08BFAD4F86431D4F86C213946134470
:101A70002046C4F8643102F001F821680A8893B264
:101A800012053FF56EAF03F44053B3F5405F3FF4EA
:101A900068AFB1F8502001F20C4092B2835AC3F300
:101AA00009038352D4F860313E2B1DD95F09DB0650
:101AB000835A08BF07F1FF379BB243EA87236FEAD7
:101AC00043436FEA53439BB283520B8823F4804312
:101AD00023F070031B041B0C83F4405343F40043B6
:101AE00043F080030B803CE70BB9835AE7E75F08BC
:101AF000DB07835A48BF01379BB243EA8723E2E7FB
:101B000030F8273019041FFA83F840F1F68030F8D6
:101B1000273005FB074123F070031B051B0D43F025
:101B2000800320F8273091F85C3100F5806EBBB956
:101B3000B0F8503091F850219BB2063303EBC2034A
:101B40003EF81390C9F30909B9F1000F00F0BA800B
:101B50004B46B1F85621D1F8641101F00EFAB1E00C
:101B600091F8533191F85021022B40F08980B0F860
:101B700050904FEAC20B1FFA89F918F4804AD1F845
:101B80006831D94408F0400C3CD009F102093EF814
:101B90001990C9F30909994513D90023C1F868318F
:101BA00030F8223023F4804323F070031B041B0C15
:101BB00083F4005343F4004343F0800320F82230C1
:101BC00005E0A3EB0903C1F86831002BE8D0BCF1B4
:101BD000000F0DD030F8223023F4E04323F07003DF
:101BE0001B041B0C43F4004343F0C00320F82230D5
:101BF000B9F1000F66D0282101FB07414B46B1F82F
:101C00005821A8E709F106093EF81990C9F3090916
:101C1000994512D9C1F868A130F8223023F48043E5
:101C200023F070031B041B0C83F4005343F40043A4
:101C300043F0800320F8223005E0A3EB0903C1F84C
:101C40006831002BE8D0BCF1000F0DD130F8223004
:101C500023F4E04323F070031B041B0C43F4004304
:101C600043F0C00320F82230B9F1000F2AD0282118
:101C700001FB07414B46B1F85A216CE70F8FFFFF7C
:101C800030F8223023F4E04323F070031B041B0CD4
:101C900043F4004343F0C00320F8223091F8503160
:101CA00030F82320DB0012F4804FB0F8502092B2BD
:101CB00054D0023213443EF81390C9F30909B9F124
:101CC000000F9BD105FB07F16318D3F86C214A4440
:101CD000C3F86C21D3F864214A44C3F86421D3F8D3
:101CE00068211AB1D3F86031994541D205FB074309
:101CF000204693F8501101F0C1FE18F0800F2068C3
:101D00003FF42FAE30F8273005FB07FC9BB2334081
:101D100043F4004320F8273004EB0C03DA7C012A5B
:101D200056D1002107FB0552A1501A7F92B318F03B
:101D300040085A7C36D012BBB0F850201B7C92B2BF
:101D40001B0100F2044010441A5AC2F309021A524D
:101D50001A5A92B242F400421A521BE0063213445D
:101D60003EF81390C9F30909B9F1000FAAD081E731
:101D700001F5A8712068214400F0CAFEBDE7012AE0
:101D800008D1B0F850201B7C92B200F204401B0135
:101D900010441952282303FB0743197C204601F005
:101DA00076FEDEE53AB9B0F850201B7C92B21B01FA
:101DB00000F20C40C7E7012AECD1B0F850201B7CA0
:101DC00092B200F20C401B01104423F80080E1E7BE
:101DD000197C18F4807E9A6A4FEAC10A00F580697E
:101DE0001BD1B0F85070BFB25744023739F81770A2
:101DF000C7F30907974202D3C3F828E0CEE7D21B06
:101E00009A625A6A0CF110013A445A62DA6A214421
:101E10003A44DA6200F07CFEA3E5B0F850C018F056
:101E2000400E1FFA8CFCD44408F4804800F0F48083
:101E30000CF1020C39F81CC01FFA88F8CCF3090C1D
:101E400094452CBF0022A2EB0C029A62002A5BD1BF
:101E5000282303FB07435B7C002B41D1B0F85020C3
:101E600000F2044C92B20B0194443CF80320C2F3FC
:101E700009022CF803203CF803206FEA42426FEA83
:101E8000524292B22CF80320B0F8502000F20C40DD
:101E900092B21044C25AC2F30902C252C25A6FEA45
:101EA00042426FEA524292B2C252204601F0EFFD26
:101EB000B8F1000F00F0F480282303FB07432268E9
:101EC000197C32F8213023F4E04323F070031B0423
:101ED0001B0C43F4404343F0800322F82130DFE041
:101EE000012BE2D1B0F850E000F2044C1FFA8EFE54
:101EF000F4440B012CF80320B0F850C000F20C4061
:101F00001FFA8CFC6044CFE7B8F1000F0DD030F819
:101F1000212022F4E04222F070021204120C42F45A
:101F2000404242F0800220F821204FF0280808FBB0
:101F3000074898F83420012A40F0B280D8F82420CD
:101F400002EB0C0EC8F824E0DA6A6244DA62D8F8D0
:101F50003030D8F82020934235D39B1AC8F830305F
:101F6000282303FB074393F811C093B2BCF1000F81
:101F700045D1B0F8508000F2044C1FFA88F8C444F0
:101F800009013CF801803E2AC8F309082CF80180B9
:101F900025D94FEA5218D2063CF8012008BF08F1B3
:101FA000FF3892B242EA88226FEA42426FEA524216
:101FB00092B22CF80120282202FB0742128B7146B4
:101FC00000F096FD6CE01BB9624688F83430C7E734
:101FD000002288F83420C8F830201A46C0E712B929
:101FE0003CF80120E0E74FEA5208D2073CF8012014
:101FF00048BF08F1010892B242EA8822D8E7BCF152
:10200000010FD8D1B0F850C000F204421FFA8CFC86
:10201000624409015352CEE70CF1060C39F81CC09A
:102020001FFA88F8CCF3090C94458CBF7246A2EBDA
:102030000C029A62002A5DD1282303FB07435B7CD4
:10204000002B43D1B0F8502000F2044C92B20B01A7
:1020500094443CF80320C2F309022CF803203CF816
:1020600003206FEA42426FEA524292B22CF80320F8
:10207000B0F8502000F20C4092B21044C25AC2F3A1
:102080000902C252C25A6FEA42426FEA524292B207
:10209000C252204601F0FBFCB8F1000F3FF40CAF38
:1020A000282303FB07432268197C32F8213023F4EC
:1020B000E04323F040031B041B0C83F0300343F484
:1020C000004343F0800322F821304AE4012BE0D1A1
:1020D000B0F850E000F2044C1FFA8EFEF4440B01FD
:1020E0002CF80320B0F850C000F20C401FFA8CFC12
:1020F0006044CDE7B8F1000F0DD130F8212022F473
:10210000E04222F070021204120C42F4404242F00B
:10211000800220F821204FF0280808FB074898F893
:102120003420012ABCD1D8F8242002EB0C0EC8F8C8
:1021300024E0DA6A6244DA62D8F83030D8F8202035
:10214000934232D39B1AC8F83030282303FB07434D
:1021500093F811C093B2BCF1000F42D1B0F8508097
:1021600000F20C4C1FFA88F8C44409013CF80180C5
:102170003E2AC8F309082CF8018022D94FEA5218E8
:10218000D2063CF8012008BF08F1FF3892B242EABB
:1021900088226FEA42426FEA524292B22CF8012042
:1021A000282202FB0742528B09E71BB9624688F8D6
:1021B0003430CAE70022C8F8302088F834201A46A4
:1021C000C3E712B93CF80120E3E74FEA5208D2070F
:1021D0003CF8012048BF08F1010892B242EA882287
:1021E000DBE7BCF1010FDBD1B0F8502000F20C4C62
:1021F00092B294440A012CF80230D1E7460512D578
:1022000022682046B2F8443023F480631B041B0C80
:10221000A2F8443001F047FC2946204605B0BDE84D
:10222000F04FFFF77EBB41040AD52268B2F8443074
:1022300023F480431B041B0CA2F84430FFF796BB29
:10224000820405D52268B2F8443023F40053F1E744
:10225000C30419D522682046B2F8403023F00403A5
:102260001B041B0CA2F84030B2F8403023F00803E6
:102270001B041B0CA2F8403001F038FC2268B2F8B5
:10228000443023F48053D5E7070548D568462368D2
:10229000064619461A4603F1200532F8047B95429A
:1022A00026F8027BF9D1B3F8402092B242F0010245
:1022B000A3F84020B3F8402022F001021204120CCF
:1022C000A3F84020B3F844205605FBD5B3F84420CA
:1022D00022F480621204120CA3F8442030F8022B7E
:1022E00021F8042B8D42F9D1B3F84020204692B258
:1022F00042F00802A3F84020B3F8442022F4006220
:102300001204120CA3F84420B3F8402092B242F019
:102310000402A3F8402001F0D9FBFFF727BB820598
:102320000DD522682046B2F8443023F400731B0414
:102330001B0CA2F8443001F0B2FBFFF717BBC3053A
:102340007FF514AB2268B2F8443023F4807371E750
:1023500070B52824054601F00700444311F0800FB2
:1023600014BF04F1100104F5A87105EB040615BFB4
:1023700001240024747486F8514114BF4919491985
:10238000022BCB7008BF0023087008BF0B710A61D5
:1023900095F89032012B09D00123286885F89032F6
:1023A00000F0FAF8002085F8900270BD0220FCE7EA
:1023B000282301F00702534311F0800F10B50446A3
:1023C00018BF03F1100118440BBF03F5A8710123D6
:1023D000002309190ABF0919437480F851310A70A2
:1023E00094F89032012B09D00123206884F89032B0
:1023F00000F032FA002084F8900210BD0220FCE7C1
:1024000070B52824002601F007014C43051985F812
:10241000501104F5A8710144C5E95923C5F86C6150
:1024200085F85161006800F073FB304670BD2823C9
:1024300001F0070103FB0100D0F86C01704770B593
:10244000282501F007014D4344190026C4E909235A
:102450000122217405F11001014484F83420236322
:10246000E6626274006800F053FB304670BD38B518
:10247000037901F00705AB4204462AD311F0800F1F
:102480004FF028031CD001226B4303F110010344D9
:1024900001445A7401230D708B7094F890229A4273
:1024A00019D0206884F8903200F0A9FA25B9206884
:1024B00004F5267100F01AFB002084F8900238BD64
:1024C00000224B4303F5A8710344014483F85121D2
:1024D000E0E70120F3E70220F1E738B5027901F0E7
:1024E0000F039A42044626D3282301F007025343E0
:1024F00011F0800F14BF03F1100103F5A871184407
:102500004FF0000515BF012300230919091914BF55
:10251000437480F851318D700A7094F89032012B19
:102520000BD00123206884F8903200F088FA284606
:1025300084F8905238BD0120FCE70220FAE784B00D
:1025400004A800E90E00002004B0704703464FF4D1
:102550003F420020A3F84400A3F840207047B0F8A1
:10256000403023F47C535B045B0CA0F84030002027
:102570007047002070471FB5044604A800E90E000C
:1025800000200123A4F84030A4F84000A4F844003F
:10259000A4F8500004B010BDF0B50A78CD7830F83A
:1025A0002240034624F4EC4424F070042404240C58
:1025B000032D03D8DFE805F041494745012048F2E3
:1025C0008006344323F8224033F822409F4FA4B2C0
:1025D0003C401443344323F822400C7B03EB021CA1
:1025E000002C40F08D80CC884E78640864007EB367
:1025F000B3F8501089B26144A1F8004433F82210B6
:10260000490609D533F8221089B2394041F4004116
:1026100041F0C00123F8221033F822108C4C89B20B
:10262000012D01EA040101D081F0200141F40041B3
:1026300041F0800123F822104CE0284644F4007455
:10264000BDE744F4C0640020B9E744F48064FAE7CD
:10265000B3F850500969ADB26544A5F80844B3F821
:1026600050403E29A4B26444B4F80C54C5F30905A3
:10267000A4F80C542FD94D09CE06B4F80C1408BF99
:1026800005F1FF3589B241EA85216FEA41416FEAE0
:10269000514189B2A4F80C1433F822104F040DD51F
:1026A00033F8221021F4E04121F070010904090CF3
:1026B00041F4404141F0800123F82210654CC2B939
:1026C0001A8892B2224082F4405242F4004242F010
:1026D00080021A80F0BD11B9B4F80C14D5E74D088A
:1026E000C907B4F80C1448BF013589B241EA852105
:1026F000CFE733F8221089B2214081F4005195E7E9
:10270000022D33F822405BD1A4B23C4044F4014492
:1027100044F0800423F82240B3F850400E89A4B25C
:10272000760864447600A4F800644E89B3F85040FB
:102730007608A4B264447600A4F8086449780029B5
:1027400048D133F822104E040DD533F8221021F46D
:10275000E04121F070010904090C41F4404141F0CD
:10276000800123F8221033F822104D060DD533F8DE
:10277000221021F4E04121F070010904090C41F418
:10278000004141F0C00123F8221048F2800433F8E0
:10279000221021F4804121F070010904090C81F418
:1027A0004051214323F8221033F8221021F4E04154
:1027B00021F040010904090C0C4323F8224089E769
:1027C00024F4E24424F070042404240C264323F867
:1027D0002260A1E733F822104C040DD533F8221003
:1027E00021F4E04121F070010904090C41F4404159
:1027F00041F0800123F8221033F8221049060DD54C
:1028000033F8221021F4E04121F070010904090C91
:1028100041F4004141F0C00123F8221033F82210A6
:102820000B4C89B22140012D18BF81F0200141F4E9
:10283000004141F0800123F8221033F8221021F4E6
:10284000804121F070010904090CEFE68F8FFFFF32
:10285000BF8FFFFF8FBFFFFF4A780B78097BD9BB83
:102860000AB330F8232051060DD530F8232022F486
:10287000E04222F070021204120C42F4004242F0D4
:10288000C00220F8232030F8232022F4E04222F076
:1028900040021204120C42F4004242F0800220F87E
:1028A00023200020704730F8232052040DD530F843
:1028B000232022F4E04222F070021204120C42F4AF
:1028C000404242F0800220F8232030F8232022F4F6
:1028D000804222F07002DCE7002A4AD130F823203F
:1028E00051040DD530F8232022F4E04222F070028A
:1028F0001204120C42F4404242F0800220F82320DD
:1029000030F8232052060DD530F8232022F4E0427F
:1029100022F070021204120C42F4004242F0C00293
:1029200020F8232048F2800130F8232022F4E042EE
:1029300022F070021204120C42F4004242F0C00273
:1029400020F8232030F8232022F4804222F0700265
:102950001204120C0A4320F8232030F8232022F41A
:10296000E04222F040021204120C114320F823101E
:1029700097E730F8232051040DD530F8232022F4B6
:10298000E04222F070021204120C42F4404242F083
:10299000800220F8232030F8232052060DD530F88D
:1029A000232022F4E04222F070021204120C42F4BE
:1029B000004242F0C00220F8232048F2800130F8A3
:1029C000232022F4E04222F070021204120C42F49E
:1029D000404242F0800220F8232030F8232022F4E5
:1029E000E04222F040021204120C0A4320F8232095
:1029F00030F8232022F4804222F07002B3E74B78B3
:102A00000A788BB130F8223023F4E04323F04003FE
:102A10001B041B0C83F0100343F4004343F08003BA
:102A200020F822300020704730F8223023F4804311
:102A300023F070031B041B0C83F48053ECE70B7B27
:102A40003BBB4B780A7833B330F822305B060DD5A8
:102A500030F8223023F4E04323F070031B041B0CF6
:102A600043F4004343F0C00320F82230CB78012B1D
:102A70000FD030F8223023F4E04323F040031B044E
:102A80001B0C83F0200343F4004343F0800320F841
:102A900022300020704730F822305B040DD530F82A
:102AA000223023F4E04323F070031B041B0C43F497
:102AB000404343F0800320F8223030F8223023F4E2
:102AC000804323F070031B041B0C83F44053DAE7AC
:102AD00011B98023A0F84C300020704700207047C7
:102AE00000207047B0F8440080B270470020704763
:102AF00000EB4200013300F580605B0800EB8303CC
:102B0000834200D1704731F8022B20F8042BF7E7FD
:102B10002DE9F0474B780446012B0D460A7B40F027
:102B20001881D1F810908F6949694F4528BF4F46E9
:102B30000ABBBFB2EA883B46FFF7DAFFB4F85000A1
:102B4000297880B204F20442090102448F522A78A3
:102B500034F8223023F4E04323F040031B041B0C21
:102B600083F03003002043F4004343F0800324F853
:102B70002230BDE8F087EB7895F800E0022B2E6A52
:102B80004FEA0E1C40F0D080B14530F82E2080F086
:102B9000B48022F4E04222F070021204120C42F4DB
:102BA000014242F0800220F82E2030F82E80B0F84A
:102BB00050E0F61B18F040082E6201EB070ABBB28A
:102BC0001FFA8EFE4ED000F20C42724422F80C30F6
:102BD0006A89FFF78DFFB14536BFF31B00233E46E0
:102BE0006A782B62C5F814A0B3B27ABBB4F850204F
:102BF000287892B204F2044100011144425A3E2E58
:102C0000C2F30902425214D9425A7709F60608BFA4
:102C100007F1FF3792B242EA87226FEA42426FEA37
:102C2000524292B242522A8951462046FFF760FF33
:102C30008DE70EB9425AF0E7F207425A4FEA5607BB
:102C400048BF013792B242EA8722EAE7012AEAD175
:102C5000B4F85000297880B204F204420901024419
:102C60008B52E0E700F20442724422F80C302A89C9
:102C7000FFF73EFFB14536BFF31B43463E466A7839
:102C80002B62C5F814A0B3B25ABBB4F85020287810
:102C900092B204F20C4100011144425A3E2EC2F39A
:102CA0000902425210D9425A7709F60608BF07F1C5
:102CB000FF3792B242EA87226FEA42426FEA5242FB
:102CC00092B242526A89AFE70EB9425AF4E7F2076C
:102CD000425A4FEA560748BF013792B242EA87226A
:102CE000EEE7012AEED1B4F85000297880B204F260
:102CF0000C42090102448B52E4E722F4E24222F042
:102D000070021204120C42F4004242F0800220F8D9
:102D10002E20B0F8503000F204429BB21A44B3B2F5
:102D200022F80C302A8981E7F61B30F82E202E621B
:102D3000B0F85060BBB25706B6B206D500F20C42EE
:102D4000324422F80C306A8970E700F204423244BF
:102D5000E6E7002A3BD18B690969B0F850008B4245
:102D600084BF5A1A0B462978AA6180B204F20C4239
:102D700009010244885A3E2BC0F3090088521AD92F
:102D80005809DE068B5A08BF00F1FF309BB243EAB8
:102D900080236FEA43436FEA53439BB28B522A78F6
:102DA00034F8223023F4804323F070031B041B0CFF
:102DB00083F44053D6E60BB98B5AEAE75808DB0791
:102DC0008B5A48BF01309BB243EA8023E5E7CA78BB
:102DD000022A70D1002B38D1B0F850200B7892B273
:102DE00000F204401B011044C25AC2F30902C2524D
:102DF0000A693E2A46D9C15A5609D70608BF06F1C4
:102E0000FF3689B241EA86216FEA41416FEA5141BA
:102E100089B2C152B4F8500004F20C4180B20144AE
:102E2000C85A3E2AC0F30900C85238D95009D706FB
:102E3000CA5A08BF00F1FF3092B242EA80226FEA1C
:102E400042426FEA524292B2CA52EB69002BA6D0BC
:102E500044F240032A7834F8221003EA01008B433D
:102E600001D000289BD134F8223023F4E04323F032
:102E700070031B041B0C43F4004343F0C00324F80D
:102E800022308CE70AB9C15ABEE7D107C15A4FEACE
:102E9000520648BF013689B241EA8621B8E70AB92D
:102EA000CA5ACCE75008D607CA5A48BF013092B276
:102EB00042EA8022C7E7012A5DD18A6909698A420C
:102EC00094BF0020501AA86188BF0A46002B7FF4E7
:102ED00066AFB4F850102B7889B204F204401B019D
:102EE0000844C15A3E2AC1F30901C1522BD9D10667
:102EF000C15A4FEA521608BF06F1FF3689B241EABD
:102F000086216FEA41416FEA514189B2C152B4F85A
:102F1000500004F20C4180B20144C85A3E2AC0F36A
:102F20000900C8521BD95009D606CA5A08BF00F179
:102F3000FF3092B242EA80226FEA42426FEA524286
:102F400092B2CA522BE70AB9C15ADAE7C15A5608F7
:102F5000D70748BF013689B241EA8621D5E70AB9C9
:102F6000CA5AE9E75008D207CA5A48BF013092B29C
:102F700042EA8022E4E70120FBE500EB4200F0B5E5
:102F800000F580605D080C4607462E46023436B9CF
:102F9000DB0744BF30F8253001F81530F0BD37F8B5
:102FA000042B013E92B204F8022C120A04F8012C00
:102FB000ECE7D0F8BC3210B56BB1D0F8B84294F859
:102FC0000002FF2807D09B68214694F80122984709
:102FD000FF2384F80032002010BD0000432303804B
:102FE00000487047B000002043230380004870472A
:102FF000F400002043230380004870476C00002049
:103000000A230380004870477001002038B5044649
:10301000D0F8B85200F00AFED4F8B832C5F80C0265
:103020004BB1D4F8BC32D5F80402DB6805F5037166
:103030009847002038BD0220FCE7F8B5D0F8B86208
:10304000CEB1142202FB0102D369D0F8C05273B191
:10305000282707FB0154246AB3FBF4F504FB15335E
:103060002BB9D3611A4600F0CFFD0020F8BD002334
:10307000C6F81432F9E70220F8E70023F7B50F7815
:103080008DF80530ADF8063017F0600304460D46A4
:10309000D0F8B86222D0202B3AD1CA884B78BAB186
:1030A00039060BD5D0F8BC1218468F683146B847A0
:1030B00031462046EA8800F04DFC06E0314686F8AD
:1030C000003286F8012200F05AFC002003B0F0BD67
:1030D000D0F8BC0284681846A047F6E74B780A2B64
:1030E0000AD00B2B10D09BB990F89C32032B0FD138
:1030F00002220DF10601DEE790F89C32032B07D186
:1031000001220DF10501D6E790F89C32032BDCD0AB
:103110002046294600F0F7FB0220D7E738B50446E1
:103120000025812100F03BFD01212046E56200F0F1
:1031300036FD82212046C4F86C5100F030FDD4F8F1
:10314000B83225644BB1D4F8BC325B689847D4F8E8
:10315000B80200F073FDC4F8B852002038BD70B555
:10316000037C0446A3BB4FF400738121022200F0CC
:103170000AFD01214FF40073E1620125022220467D
:1031800000F001FD0823032282212046C4F86C517F
:1031900000F0F9FC4FF40770256400F04BFD064683
:1031A000C4F8B802F8B1D4F8BC321B6898470023C1
:1031B000C6F81432C6F81832237C93B94FF4007362
:1031C00029462046D6F8042200F027FD002070BDD5
:1031D00040238121022200F0D6FC01214023E1623C
:1031E000CBE74023ECE72846F1E719B1C0F8BC1261
:1031F0000020704702207047D0F8B8320020C3F892
:103200000812C3F810227047D0F8B8320020C3F873
:1032100004127047D0F8B82210B582B1D2F8144227
:10322000012374B9C2F81432D2F810328121036339
:10323000D2F808229BB200F0E7FC204610BD022025
:10324000FCE71846FAE7D0F8B82208B562B1037C6B
:10325000D2F8042233B94FF40073012100F0DDFCF1
:10326000002008BD4023F8E70220FAE708B580B146
:10327000D0F8B43213B10023C0F8B43209B1C0F8A9
:10328000B0120123027080F89C3200F033FC002061
:1032900008BD0220FCE719B1C0F8B4120020704745
:1032A0000220704708B500F065FC002008BD08B595
:1032B000D0F8B43233B11B689847003818BF0120EA
:1032C000400008BD0220FCE708B5D0F8B4325B68C6
:1032D0009847002008BD38B500F52A7504462846F1
:1032E00000F006FB012394F8A812C4F89432B4F855
:1032F000AE32C4F8983201F01F03012B08D0022B24
:103300000BD07BB92946204600F0FAF8002038BDE2
:103310002946204600F03CFAF8E72946204600F00E
:103320005BFAF3E7204601F0800100F041FCEDE795
:1033300070B50446164639BBD0F89422032A1CD136
:10334000D0E9585295420BD9AD1AAA423146C0F87D
:1033500060518CBFAAB292B200F01EFB002070BD7B
:10336000D0F8B4321B6923B190F89C22032A00D113
:103370009847204600F018FBF0E7052AEED1C4F884
:10338000941200F015FCE9E7D0F8B4329B692BB138
:1033900090F89C22032A01D19847DFE70220DEE75C
:1033A000F8B5044613460F46002949D1D0F89422B7
:1033B000022A3AD1D0E90856B54211D9AD1B1946B7
:1033C0000562AAB200F0D3FA3B461A4619462046D7
:1033D00000F023FC94F8A032012B2DD00020F8BD82
:1033E000C369B3FBF6F506FB153565B99E420AD8ED
:1033F000D0F89822934206D22A4600F0B8FA2B461B
:10340000C4F89852E1E7D4F8B432DB682BB194F8F1
:103410009C22032A01D1204698478021204600F0B3
:10342000C7FB204600F0CBFAD4E732F00403D1D139
:10343000802100F0BDFBCDE7002384F8A032CDE76A
:10344000D0F8B4325B692BB190F89C22032A01D1E9
:103450009847C3E70220C2E7002270B50446012561
:1034600040261146402300F08EFB33468021002287
:103470002046C4F85851C4F8646100F084FB002170
:10348000D4F8B832A561666284F89C52C4F89412EC
:103490006160C4F8A41223B1D4F8B43220465B684A
:1034A0009847002070BD01740020704790F89C324E
:1034B00080F89D32042380F89C320020704790F8F9
:1034C0009C32042B04BF90F89D3280F89C3200207F
:1034D000704708B590F89C22032A04D1D0F8B43282
:1034E000DB6903B19847002008BD10B50446802170
:1034F00000F05EFB2046BDE81040002100F058BB04
:1035000037B50B78044603F06003202B0D4606D038
:10351000402B04D063B12046FFF7E7FF05E0D4F865
:10352000B432294620469B689847002003B030BD3E
:103530004B78092BEFD801A252F823F03F3700084F
:103540007537000817350008673700081735000879
:103550006536000865350008173500080F37000884
:10356000A73600080023ADF806304B881A0A013A46
:10357000062AD0D801A151F822F000BF99350008E1
:10358000BD350008D7350008173500081735000885
:103590001B36000831360008D0F8B0321B68207C9A
:1035A0000DF106019847BDF80620EB88002A54D09B
:1035B000002B49D1204600F0F7F9B6E7027CD0F89D
:1035C000B43232B99B6A0DF106009847022343706A
:1035D000E9E7DB6AF7E7DBB2052B9CD8DFE803F00D
:1035E00003090D111519D0F8B0325B68002BD6D144
:1035F00091E7D0F8B0329B68F8E7D0F8B032DB68DA
:10360000F4E7D0F8B0321B69F0E7D0F8B0325B696C
:10361000ECE7D0F8B0329B69E8E7037C002B7FF43D
:103620007AAFD0F8B4320DF106005B6B9847BAE779
:10363000037C002B7FF46FAFD0F8B4320DF106009D
:103640001B6B98470723C2E79A4228BF1A460146D8
:103650002046ADF8062000F07DF9EB88002B7FF4C2
:1036600064AFA7E78B88002B7FF455AFCB88002B86
:103670007FF451AF4D887F2D3FF64DAF90F89C32CF
:10368000032B3FF448AFEDB2294680F89E5200F07C
:10369000B2FA204600F088F91DB1022384F89C326A
:1036A00043E70123FAE78978384D012929703FF66D
:1036B00032AF90F89C32022B08D0032B15D0FFF7C5
:1036C00014FF20462978FFF7FFFD2EE700293FF47D
:1036D00071AF01210323416080F89C322046FFF73F
:1036E000E6FD02287FF466AF15E731B90223416099
:1036F00080F89C32FFF7E8FD5CE7416801293FF460
:1037000059AFC9B2FFF7E0FD29786160E6E7CA88E2
:10371000012A7FF400AF90F89C32022B0AD8002BCC
:103720003FF4F9AE0146002341F8083F204600F07F
:1037300011F9FAE6032B7FF4EEAE011DF6E790F8DF
:103740009C32013B022B3FF6E6AECA88022A7FF488
:10375000E2AED0F8A4320146002B0CBF01230323B4
:1037600041F80C3FE2E74B88012B7FF4DEAEC4F852
:10377000A4321FE790F89C32013B022B3FF6CBAE00
:103780004B88012B7FF4D1AE0023F0E76C180020AA
:1037900038B50B78044603F060025B060D4601D590
:1037A000402A15D194F89C32013B022B10D82B797A
:1037B000012B0DD8D4F8B43229469B68204698478F
:1037C000EB881BB910B9204600F0EEF8002038BD98
:1037D0002046FFF78AFEF9E738B50A78044602F07A
:1037E0006002202A0B468D8806D0402A04D05AB1A8
:1037F0002046FFF77AFE05E0D4F8B42219462046A9
:1038000092689047002038BD5A78E9B2012A35D035
:10381000032A21D0002AEBD190F89C32022B44D00D
:10382000032BE5D1142201F00F0315F0800F02FBEA
:1038300003034BD09B69002BDAD0142501F07F03E2
:1038400003FB0555802905444BD0204600F0C2F902
:1038500000284BD0012345E090F89C22022A1BD07F
:10386000032AC5D15A882AB94A0603D0DB880BB986
:1038700000F09EF9204600F097F8C3E790F89C22EC
:10388000022A09D0032AB3D15B88002BBAD14D0696
:10389000F0D000F096F9EDE74B06A9D000F088F9DA
:1038A0008021204600F084F9ACE74A06A0D12B061F
:1038B0004FF000034FF002024CBF00F1140100F57D
:1038C000AA710B60204600F045F89BE7D3F8583109
:1038D000002B8DD0142505FB010505F5AA750029DF
:1038E000B3D100232B6002222946EBE72860FAE7D8
:1038F0000B7803704B7843704B8843808B888380B0
:10390000CB88C380704710B50446802100F050F981
:103910002046BDE81040002100F04AB930B588B11A
:103920000024013823460134055D002DFAD1DBB2B5
:1039300001335B0013800B7003234B70022310F8DC
:10394000014F04B930BD5A1CCC54D2B20233DBB2A1
:103950008D54F4E71346022210B5C0E90733C0F8CE
:1039600094220A46002100F04FF9002010BD08B54E
:1039700013460A46002100F047F9002008BD13460F
:10398000032210B5C0E95733C0F894220A4600213B
:1039900000F043F9002010BD08B513460A46002187
:1039A00000F03BF9002008BD08B50423C0F89432AC
:1039B00000231A46194600F027F9002008BD08B573
:1039C0000523C0F8943200231A46194600F025F961
:1039D000002008BD08B500220E490F48FFF746FC3D
:1039E00008B1FCF7E5FC0D490B48FFF754FC08B1A2
:1039F000FCF7DEFC0A490848FFF7F7FB08B1FCF7C3
:103A0000D7FC0548FFF74EFC18B1BDE80840FCF7AD
:103A1000CFBC08BD440000207018002038010020F1
:103A20000000002018B102280CBF012002207047BE
:103A300007B50E4B02689A4215D103F5DA33DA69FD
:103A4000142042F40002DA610022DB69114603F41B
:103A500000030193019BFDF751F8142003B05DF8BA
:103A600004EBFDF77BB803B05DF804FB005C00409D
:103A700000F52671D0F8D402FFF72DBC282303FBF4
:103A80000103D0F8D402D3F86421FFF751BC2823F6
:103A900003FB0103D0F8D4025A6AFFF781BCD0F8C7
:103AA000D402FFF716BD10B583790446022B01D06E
:103AB000FCF77EFCD4F8D4020121FFF7F4FCD4F823
:103AC000D402BDE81040FFF7C7BC000010B50446A3
:103AD000D0F8D402FFF7EAFCA37A23B1024A1369B3
:103AE00043F00603136110BD00ED00E0D0F8D402EE
:103AF000FFF7E5BC10B51D4B04461D4803600823C5
:103B00000371022383710023C0F8D442C4F8C002B9
:103B100043810373FDF789FE08B1FCF749FC0022DD
:103B200018231146D4F8C002FDF766FE5823002280
:103B30008021D4F8C002FDF75FFEC023002281215E
:103B4000D4F8C002FDF758FE4FF48873002201211B
:103B5000D4F8C002FDF750FE4FF48073002282219A
:103B6000D4F8C002FDF748FE002010BD005C004004
:103B7000541D002008B5D0F8C002FDF7B9FEBDE81D
:103B80000840FFF74FBF10B51446D0F8C0021A46E0
:103B90002346FEF7DDFBBDE81040FFF743BF08B545
:103BA000D0F8C002FEF704FCBDE80840FFF73ABFBA
:103BB00008B5D0F8C002FEF75AFCBDE80840FFF790
:103BC00031BF08B5D0F8C002FEF787FCBDE8084059
:103BD000FFF728BF282211F0800FD0F8C0321BBF9A
:103BE00001F07F0102FB013302FB0133987C08BF27
:103BF00093F85201704708B5D0F8C002FDF791FE66
:103C0000BDE80840FFF70EBF08B5D0F8C002FEF7C8
:103C100016FCBDE80840FFF705BF08B5D0F8C002A4
:103C2000FEF7EEFBBDE80840FFF7FCBED0F8C0028F
:103C3000FEF7FDBB00487047341B002070477047FB
:103C400010B501390244904201D1002005E003780B
:103C500011F8014FA34201D0181B10BD0130F2E74B
:103C6000884210B501EB020402D98442234607D8EA
:103C7000431EA14208D011F8012B03F8012FF8E7E9
:103C8000014602448A4200D110BD13F8014D02F8EA
:103C9000014DF7E70A44914200F1FF3300D170472C
:103CA00010B511F8014B914203F8014FF9D110BD45
:103CB000F8B500BFF8BC08BC9E467047F8B500BF19
:103CC000F8BC08BC9E4670477965737C7665727354
:103CD000696F6E3D006E6F7C76657273696F6E3DC5
:103CE000004A4B4C424F4F547C317C6170703D0018
:103CF0007C6D61783D007C706167653D30343030AB
:103D00007C696E7374616C6C65643D003031323374
:103D100034353637383961626364656600434E591D
:103D200020496E647573747279004A4B4C20474287
:103D300041204275726E65722055706461746572BF
:103D40000043444320436F6E666967004344432049
:103D5000496E7465726661636500000000000000D2
:103D6000000001020304060708090102020304051A
:103D7000060708090A0B0C0D0E0F1010750100083C
:103D80004D010008E1080008B5080008B90800085E
:103D9000BD0800081A030000000000000000000039
:103DA0000000000000000000000000000000000013
:103DB00004030904120100020202004083042207E6
:103DC0000002010203010000350900084109000852
:103DD000B5090008D109000879090008ED090008B3
:103DE000090A000800127A0001000000100000001B
:103DF00009074300020104C0320904000001020265
:103E00000100052400100105240100010424020220
:103E100005240600010705820308001009040100BB
:103E2000020A0000000705010240000007058102A8
:103E30004000000009024300020100C032090400F2
:103E40000001020201000524001001052401000107
:103E5000042402020524060001070582030800105D
:103E600009040100020A00000007050102400000E9
:103E7000070581024000000009024300020100C062
:103E800032090400000102020100052400100105AE
:103E90002401000104240202052406000107058212
:103EA0000308001009040100020A000000070501D0
:103EB0000200020007058102000200005F310008D5
:103EC0001D3100087B30000800000000B32F0008FF
:103ED0003B3000080D30000800000000000000002A
:103EE00000000000E92F0008DD2F0008F52F000872
:103EF000013000080A060002000000400100000036
:020000040800F2
:1050000000500020ED9E0008616300086363000803
:10501000656300086763000869630008000000001A
:105020000000000000000000000000006B630008AA
:105030006D630008000000006F63000871630008E2
:10504000359F0008359F0008359F0008359F0008F0
:10505000359F0008359F0008359F0008359F0008E0
:10506000359F0008359F0008359F0008359F0008D0
:10507000359F0008359F0008359F0008359F0008C0
:10508000359F0008359F0008359F0008359F0008B0
:1050900079630008359F0008359F0008359F000898
:1050A000359F0008359F0008359F0008359F000890
:1050B000359F0008359F0008359F0008359F000880
:1050C000359F0008359F0008359F0008359F000870
:1050D000359F0008359F0008359F0008359F000860
:1050E000359F0008359F0008359F0008000000002C
:1050F00000000000000000000000000000000000B0
:1051000000000000000000005FF808F10348044BB5
:10511000834202D0034B03B118477047840100203B
:1051200084010020000000000548064B1B1AD90F1F
:1051300001EBA301491002D0034B03B1184770479C
:1051400084010020840100200000000010B5064CFE
:10515000237843B9FFF7DAFF044B13B10448AFF3E8
:1051600000800123237010BD840100200000000096
:10517000549F000808B5054B1BB105490548AFF31E
:105180000080BDE80840FFF7CFBF00BF000000006F
:1051900088010020549F000803460244934200D136
:1051A000704703F8011BF9E770B500260C4D0D4C54
:1051B000641BA410A64209D104F0CCFE00260A4DBF
:1051C0000A4C641BA410A64205D170BD55F8043BDF
:1051D00098470136EEE755F8043B98470136F2E769
:1051E0000CA000080CA000080CA0000810A00008EB
:1051F00072B630BFFDE7000080B596B0664B674AD7
:105200009A6001F083FE00230E930F931193129383
:105210000793089309930A930B93039304930593BD
:10522000069301220C924FF480330D9310920222C8
:10523000139214934FF4E01315930CA801F048FB5C
:10524000002840F0A3800F23079302210891002338
:1052500009934FF480620A920B9307A801F078FD3E
:10526000002840F09580102303930023069303A8A1
:1052700001F0A0FA002840F08D8000250C950D95D6
:105280000E950F95464CA36943F01003A361A369E3
:1052900003F010030193019BA36943F02003A36172
:1052A000A36903F020030293029BA36943F0040364
:1052B000A361A36903F004030393039BA36943F071
:1052C0000803A361A36903F008030793079BDFF8B2
:1052D000D49001224FF4C041484601F05FFA324FAA
:1052E00001224FF4E061384601F058FA4FF4C04310
:1052F0000C9301260D960E964FF00308CDF83C80D6
:105300000CA9484601F0ACF8FF230C930D950E96BE
:105310000CA9384601F0A4F84FF6FF730C930D95D5
:105320000E960CA9214801F09BF84FF4E0630C9312
:105330000D960E96CDF83C800CA9384601F090F8F9
:10534000A36943F00403A361A36903F0040300937A
:10535000009B0E954FF480540C940D9602230F93EE
:105360002A462146384601F019FA0CA9384601F0C0
:1053700077F8142001F0EEFD2146384601F090F94F
:1053800004F0B4FB00F0ACFB30BFFBE7FFF730FFED
:10539000FFF72EFFFFF72CFF00ED00E000500008A4
:1053A000001002400010014000080140000C0140C4
:1053B00082B003468DF807309DF80730002B0CD1E2
:1053C0000B4B4FF088321A600A4B4FF088321A604C
:1053D000094B4FF6FF721A6007E0054B4FF033326E
:1053E0001A60044B4FF033321A6000BF02B07047AE
:1053F000040C0140000C01400C0C014082B003463B
:105400008DF807309DF80730002B07D1074B4FF080
:1054100088321A60064BFF221A6003E0034B4FF0FC
:1054200033321A6000BF02B0704700BF000801406D
:1054300010080140024B1B689BB21846704700BF22
:10544000080C0140024B1B68DBB21846704700BFD6
:105450000808014082B00346ADF80630034ABDF8A3
:105460000630136000BF02B0704700BF0C0C014053
:1054700084B003468DF80730064B1B680393039BEB
:1054800023F0FF029DF80730024913430B6000BF71
:1054900004B070470C0801402DE9F04105460C4668
:1054A00016460120FFF7AAFF0120FFF781FFC5F391
:1054B0000740FFF7DDFFA8B2FFF7CCFF1D4B4FF011
:1054C0008072C3F8102800BF00BF00BF00BF00BF3C
:1054D00000BF0020FFF76CFFE6B104EB4606154D58
:1054E0004FF000784FF40077C5F8108800BF00BF78
:1054F00000BF00BF00BF00BFFFF79CFF24F8020BF6
:10550000C5F8107800BF00BF00BF00BF00BF00BFDC
:10551000A642E9D1074B4FF48072C3F8102800BFB0
:1055200000BF00BF00BF00BF00BF0020FFF766FF45
:10553000BDE8F081000001402DE9F04105460C4630
:1055400016460120FFF75AFF0120FFF731FFC5F390
:105550000740FFF78DFFA8B2FFF77CFF1D4B4FF010
:105560008072C3F8102800BF00BF00BF00BF00BF9B
:1055700000BFE6B104EB46061D464FF080684FF4CD
:10558000806734F8020BFFF765FFC5F8108800BF8D
:1055900000BF00BF00BF00BF00BFC5F8107800BF4C
:1055A00000BF00BF00BF00BF00BFA642E9D1094B4A
:1055B0004FF48072C3F8102800BF00BF00BF00BFC7
:1055C00000BF00BF0020FFF719FF0020FFF7F0FE2B
:1055D000BDE8F081000001402DE9F04106460D468E
:1055E00017460020FFF70AFF0120FFF7E1FE1E4BE0
:1055F0004FF000521A6100BF00BF00BF00BF00BFE4
:1056000000BF17B32F442C46761BB6B2174D4FF090
:105610000078A01980B2FFF71DFFC5F8108800BF01
:1056200000BF00BF00BF00BF00BFFFF70BFF04F8C3
:10563000010B4FF40073C5F8103800BF00BF00BF66
:1056400000BF00BF00BFBC42E3D1074B4FF4005284
:105650001A6100BF00BF00BF00BF00BF00BF002035
:10566000FFF7A6FEBDE8F0810010014000000140F8
:105670002DE9F04106460D4617460120FFF7BEFE14
:105680000120FFF795FE204B4FF000521A6100BF3A
:1056900000BF00BF00BF00BF00BF17B32F442C46A0
:1056A000761BB6B2194D4FF08068A01980B2FFF793
:1056B000D1FE14F8010BFFF7DBFEC5F8108800BF20
:1056C00000BF00BF00BF00BF00BF4FF48063C5F83C
:1056D000103800BF00BF00BF00BF00BF00BFBC420A
:1056E000E3D1094B4FF400521A6100BF00BF00BF65
:1056F00000BF00BF00BF0020FFF780FE0020FFF7C3
:1057000057FEBDE8F08100BF0010014000000140DD
:105710002DE9F04106460D4617460020FFF76EFEC4
:105720000120FFF745FE224B4FF08072C3F810288E
:1057300000BF00BF00BF00BF00BF00BF47B32F4482
:105740002C46761BB6B21D464FF00078A01980B2E9
:10575000FFF780FEC5F8108800BF00BF00BF00BF84
:1057600000BF00BFFFF76EFE04F8010B00BF00BFD3
:1057700000BF00BF00BF00BF4FF40073C5F8103872
:1057800000BF00BF00BF00BF00BF00BFBC42DDD1F3
:10579000074B4FF48072C3F8102800BF00BF00BF52
:1057A00000BF00BF00BF0020FFF702FEBDE8F08190
:1057B000000001402DE9F04106460D461746012044
:1057C000FFF71CFE0120FFF7F3FD214B4FF0807225
:1057D000C3F8102800BF00BF00BF00BF00BF00BF5C
:1057E00017B32F442C46761BB6B21D464FF0806887
:1057F000A01980B2FFF72EFE14F8010BFFF738FE58
:10580000C5F8108800BF00BF00BF00BF00BF00BFC9
:105810004FF48063C5F8103800BF00BF00BF00BF61
:1058200000BF00BFBC42E3D1094B4FF48072C3F804
:10583000102800BF00BF00BF00BF00BF00BF002096
:10584000FFF7DCFD0020FFF7B3FDBDE8F08100BFEE
:105850000000014010B50024054B1C8041F27C5231
:1058600021460448FFF798FC034B1C7010BD00BF95
:105870009C2C002020170020A20100202DE9F041DF
:105880000D4630B10146164B18682A46023004F026
:1058900052FB144BD3F8B8420235AEB2EEB14FF022
:1058A0000008114FA6EB0805ADB2B5F5007F28BF83
:1058B0004FF40075D4F814322BB130BF00BFD4F8C8
:1058C0001432002BF9D1294607EB080004F06EF9D9
:1058D00045441FFA85F84645E4D8BDE8F08100BF8D
:1058E00000000020A82C0020A401002000B583B0F7
:1058F0000A4BD3F8B822D2F8143223B130BFD2F811
:105900001432002BFAD1AA238DF8073001210DF1B2
:10591000070004F04BF903B05DF804FBA82C00204D
:105920002DE9F04182B004460D4601F00DFB06461C
:105930000127DFF854800FE001220DF10601204617
:10594000FFF7AAFD01220DF106012046FFF7A4FD95
:1059500002B0BDE8F08130BF3A460DF106012046A5
:10596000FFF79AFDBDF806306B4013F0800FE3D0CF
:10597000B8F80030002BEBD001F0E6FA831B42F2BE
:1059800010729342E7D9E3E79C2C00202DE9F04107
:1059900082B005460C4601F0D7FA06460127DFF82B
:1059A000388000E030BF3A460DF107012846FFF786
:1059B000AFFE9DF80730DBB2A34209D0B8F8003043
:1059C00033B101F0C1FA801B42F210739842E9D959
:1059D00002B0BDE8F08100BF9C2C00202DE9F0430F
:1059E00083B005468846254B1B7803B930B9244B54
:1059F0001B78002B3AD1B8F1000F37D00024214B8F
:105A00001C8041F27C5221461F48FFF7C5FB41F242
:105A10007C5221461D48FFF7BFFB1D4B1C7003271E
:105A2000DFF8709026461C4C32464FF480414846C1
:105A300000F0B4FE0096009BA34205DC009B0133FE
:105A40000093009BA342F9DD01224FF480414846B8
:105A500000F0A4FE0196019BA34205DC019B0133EB
:105A60000193019BA342F9DD013FDDD1034B1D7082
:105A7000034B83F8008003B0BDE8F083A101002050
:105A8000A00100209C2C002020170020A401002051
:105A9000A2010020001001407F3801000D4B1B784F
:105AA000B3B910B50C460C4BB3F800C0CCF5AB53F2
:105AB0001C339BB28B4200D210BD0A4601460748F8
:105AC000604404F038FA044B1A8814441C80F3E74D
:105AD000704700BFA20100209C2C0020201700204E
:105AE000AA4B1B88022B04D9A94A126812889A4231
:105AF00000D970472DE9F04F87B0A64B01221A70EC
:105B000000224FF48041A44800F048FEA04BD3F897
:105B100000A09AF80230B03B4C2B00F2EE83DFE895
:105B200013F0AA03B103EC03EC03EC03EC03EC0366
:105B3000EC03EC03EC03EC03EC03EC03EC03EC03ED
:105B4000EC03EC03EC03EC03EC03EC03EC03EC03DD
:105B5000EC03EC03EC03EC03EC03EC03EC03EC03CD
:105B6000EC03EC03EC03EC03EC03EC03EC03EC03BD
:105B7000EC03EC03EC03EC03EC03EC03EC03EC03AD
:105B8000EC03EC03EC03EC03EC03EC03EC03EC039D
:105B900053027902EC035D038303EC03EC03EC0393
:105BA000EC034D009500CF00D4001601B801C701E9
:105BB000D901E801FA01A002AF02C102AA23ADF89F
:105BC0000C30012203A940F25550FFF7B5FC5523D4
:105BD000ADF80C30012203A940F2AA20FFF7ACFC7B
:105BE0009023ADF80C30012203A940F25550FFF785
:105BF000A3FC012204A90020FFF74EFC01220DF1B5
:105C000012011046FFF748FC012205A90E20FFF7FC
:105C100043FC01220DF116010F20FFF73DFCF0239C
:105C2000ADF80C30012203A90020FFF785FCFFF737
:105C300011FE082104A8FFF721FE01224FF4804144
:105C4000554800F0ABFD07B0BDE8F08FAA25ADF8D0
:105C50001050012204A940F25550FFF76DFC552465
:105C6000ADF81040012204A940F2AA20FFF764FC1D
:105C70008023ADF81030012204A940F25550FFF7FF
:105C80005BFCADF81050012204A940F25550FFF71B
:105C900053FCADF81040012204A940F2AA20FFF7FE
:105CA0004BFC1023ADF8103001220DEB030140F244
:105CB0005550FFF741FCFFF7CDFDFFF717FEBCE79E
:105CC000FFF7C8FDFFF712FEB7E7DAF803406408F4
:105CD00004F47F04AA26ADF81060012204A940F262
:105CE0005550FFF729FC5525ADF81050012204A9A5
:105CF00040F2AA20FFF720FC8023ADF810300122EB
:105D000004A940F25550FFF717FCADF810600122CE
:105D100004A940F25550FFF70FFCADF810500122D6
:105D200004A940F2AA20FFF707FC3023ADF8103099
:105D3000012204A92046FFF7FFFB4FF6FF71204622
:105D4000FFF7EEFDFFF786FDFFF7D0FD75E7DAF808
:105D500003204FEA5209BAF800B0ABF10B0B1FFA5F
:105D60008BF3CBF34E0BBAF807200AF1090A012B8B
:105D700040F28A805308019300244FF0AA08034F91
:105D800000924FE0FFF766FD57E700BF9C2C002014
:105D900004000020A201002000100140ABEB04062B
:105DA000B6B2019B9E4228BF1E46ADF8108001226C
:105DB00004A940F25550FFF7BFFB5523ADF8103052
:105DC000012204A940F2AA20FFF7B6FB2523ADF873
:105DD0001030012204A92846FFF7AEFB731EADF870
:105DE0001030012204A92846FFF7A6FB32460AEB31
:105DF00044012846FFF7A0FB2923ADF8103001220B
:105E000004A92846FFF798FB344404F10043013B02
:105E1000681E3AF813103044FFF782FD3B8883B3C5
:105E2000A34531D904EB0905009B002BB6D1ADF891
:105E30001080012204A940F25550FFF77DFB552345
:105E4000ADF81030012204A940F2AA20FFF774FB3C
:105E5000A023ADF81030012204A940F25550FFF7FD
:105E60006BFB01220AEB44012846FFF765FB3AF879
:105E700014102846FFF754FD3B88002B82D00134D4
:105E8000CEE7FFF7E7FCD8E6FFF7E4FCFFF72EFDCF
:105E9000D3E6514631F8072B093AC2F34E02DAF83D
:105EA0000300FFF749FBFFF7D5FCFFF71FFDC4E632
:105EB000BAF80740C74B1968DAF8030062080231E4
:105EC0004008FFF7E9FAFFF7C5FC21460020FFF77D
:105ED000D5FCB2E6514631F8072B093ADAF803004F
:105EE00092B280B2FFF7C4FBFFF7B4FCFFF7FEFCF1
:105EF000A3E6BAF80740B74B1968DAF80300224660
:105F0000023180B2FFF768FBFFF7A4FC21460020B6
:105F1000FFF7B4FC91E6DAF80390BAF80030093BD9
:105F20009BB2002B4BD00AF1070B5B440093012579
:105F3000DFF8A48202E0009B9B4540D0AA238DF8A5
:105F40000C302A4603A945F25550FFF791FB552323
:105F50008DF80C302A4603A942F6AA20FFF788FBE9
:105F6000A0238DF80C302A4603A945F25550FFF7BF
:105F70007FFBA9EB0A04073C5C44A4B22A465946BD
:105F80002046FFF775FB1BF8017B00F0DDFF06469E
:105F90002A4604A92046FFF71FFB9DF81030DBB20C
:105FA0009F42C8D0B8F80030002BC4D000F0CCFF1E
:105FB000801B42F210739842BDD830BFE8E7FFF76C
:105FC00049FCFFF793FC38E6DAF80330BAF80060D2
:105FD0000A3EB6B29AF80740BEB10AF108052E444F
:105FE000A3EB0A03A3F108074FF001087819424612
:105FF000294680B2FFF73CFB24B1002300BF0133E8
:10600000A342FBD10135B542F0D1FFF723FCFFF7E6
:106010006DFC12E6DAF80330BAF807809AF8094006
:106020006C4A1268B8F1000F14D0951C05EB0809F2
:106030009B1A9E1E012770193A46294680B2FFF727
:10604000CBFA24B1002300BF01339C42FBD10135C0
:10605000A945F0D1FFF7FEFB41460020FFF70EFCFB
:10606000EBE5514631F8072B093ADAF8030092B212
:1060700080B2FFF79FFBFFF7EDFBFFF737FCDCE596
:10608000BAF80740534B1968DAF803002246023188
:1060900080B2FFF73DFBFFF7DDFB21460020FFF755
:1060A000EDFBCAE5DAF803309FB2BAF80090A9F127
:1060B0000B091FFA89F9BAF807B00AF1090AB9F110
:1060C000000F00F0828000254FF0AA085B46BB4617
:1060D0001F4647E0FFF7BEFBAFE5A9EB0506B6B2EA
:1060E000BE4228BF3E468DF81080012204A940F62A
:1060F000AA20FFF75FFB55238DF81030012204A979
:1061000040F25550FFF756FB25238DF81030A4B20E
:10611000012204A92046FFF74DFB731E8DF81030B5
:10612000012204A92046FFF745FB32460AEB050190
:106130002046FFF73FFB29238DF81030012204A9E8
:106140002046FFF737FB35440AEB0503013C3019C5
:1061500013F8011C80B2FFF719FC1F4B1B888BB38F
:10616000A94532D90BEB0504002FB6D18DF810806C
:10617000012204A940F6AA20FFF71CFB55238DF845
:106180001030012204A940F25550FFF713FBA02361
:106190008DF81030012204A940F6AA20FFF70AFB6F
:1061A000A4B201220AEB05012046FFF703FB1AF80F
:1061B00005102046FFF7EAFB074B1B88002B89D010
:1061C0000135CDE7FFF746FB37E5FFF743FBFFF768
:1061D0008DFB32E5000000209C2C0020DAF8033013
:1061E000BAF80060093EB6B29AF80740BEB10AF1AB
:1061F00008052E44A3EB0A03A3F108074FF001089A
:1062000078194246294680B2FFF7D4FA24B1002318
:1062100000BF01339C42FBD10135B542F0D1FFF7FD
:1062200019FBFFF763FB08E5DAF80330BAF80780DB
:106230009AF80940324A1268B8F1000F14D0951C40
:1062400005EB08099B1A9E1E012770193A4629463C
:1062500080B2FFF75DFA24B1002300BF01339C42F6
:10626000FBD101354D45F0D1FFF7F4FA414600204E
:10627000FFF704FBE1E4FFF7EDFA40212148FFF7C7
:10628000FDFADAE4FFF7E6FAFFF730FB1E4BD3F82E
:10629000B85200F059FE0446D5F8143223B100F08C
:1062A00053FE031BC72BF7D9322000F053FE174BC8
:1062B000DA6942F08052DA61DA6902F080520392C0
:1062C000039ADA6942F00062DA61DB6903F0006385
:1062D0000493049B00F068FA0D4B44F64B225A607D
:1062E000BFF34F8F0B49CA6802F4E0620A4B1343B5
:1062F000CB60BFF34F8F00BFFDE7FFF7ABFA9CE425
:10630000000000206C9F0008A82C00200010024014
:10631000006C004000ED00E00400FA0582B00E4B76
:106320009A6942F001029A619A6902F001020092B0
:10633000009ADA6942F08052DA61DB6903F0805337
:106340000193019B054A536823F0E06343F0007317
:10635000536002B0704700BF0010024000000140CF
:10636000FEE7FEE7FEE7FEE7FEE77047704770478F
:1063700008B500F0DDFD08BD08B5024800F0B0FE2C
:1063800008BD00BF8C3B0020704700000749CA6869
:10639000030203F4E06322F4E0621204120C1343DC
:1063A00043F0BF6343F40033CB60704700ED00E07F
:1063B00000B5184BDB68C3F30223C3F1070CBCF133
:1063C000040F28BF4FF0040C03F1040EBEF1060FBA
:1063D0008CBF033B00234FF0FF3E0EFA0CFC21EA7A
:1063E0000C0199400EFA03FE22EA0E021143002826
:1063F00009DB0901C9B200F1604000F5614080F895
:1064000000135DF804FB00F00F000901C9B2024B54
:106410001954F6E700ED00E014ED00E0002807DB7A
:10642000410900F01F0001238340024A42F8213055
:10643000704700BF00E100E00138B0F1807F0BD26F
:106440004FF0E0235861054AF02182F82310002024
:10645000986107221A6170470120704700ED00E043
:106460002DE9F04F83B00F68002F00F00B81002260
:1064700016464FF0010E0F24844D031D9B46134614
:10648000B2E0DFF80C924F4515D00CD8A9F5801971
:106490004F4510D009F570294F450CD0A9F580194A
:1064A0004F4515D107E0DFF8EC914F4503D009F5D2
:1064B00080394F450CD18E68002E00F0D880012E17
:1064C0000CBFC0F81080C0F81480082600E0CE6829
:1064D000BCF1FF0F99BF81469046D946A2F1200832
:1064E000D9F8007004FA08FA27EA0A0706FA08F849
:1064F00047EA0807C9F800704F6817F0805F6DD051
:10650000AF6947F00107AF61AF6907F00107019775
:10651000019F23F0030707F1804707F58037D7F87D
:10652000089003F0030A4FEA8A0A04FA0AF829EAF3
:106530000809DFF86481404500F09B8008F5806819
:10654000404500F0998008F58068404500F097804C
:1065500008F58068404514BF4FF004084FF0030869
:1065600008FA0AF848EA0908C7F808804F6817F4DB
:10657000801FDFF82881D8F8087014BF47EA0C079D
:1065800027EA0C07C8F808704F6817F4001FDFF8F7
:106590000C81D8F80C7014BF47EA0C0727EA0C07E7
:1065A000C8F80C704F6817F4003FDFF8F080D8F897
:1065B000047014BF47EA0C0727EA0C07C8F80470F8
:1065C0004F6817F4803FDFF8D480D8F8007014BF0C
:1065D00047EA0C0727EA0C07C8F8007001330F6878
:1065E000043237FA03FC4DD00EFA03F808EA070C20
:1065F00038EA0707F2D14F68122F3FF642AF122F49
:106600003FF666AF0FF2040959F827F0B7640008A7
:10661000CF6400085F6600086B660008D16400085C
:10662000D1640008D1640008D1640008D164000876
:10663000D1640008D1640008D1640008D164000866
:10664000D1640008D1640008D1640008D164000856
:106650005966000865660008CE68043638E7CE68DB
:10666000083635E7CE680C3632E7002630E70426D8
:106670002EE74FF0000873E74FF0010870E74FF086
:1066800002086DE703B0BDE8F08F00BF00100240C4
:1066900000002210000031100008014000040140F9
:1066A000002976D02DE9F04F83B08C464FF0000ED4
:1066B00072464FF0010A4FF00F094FF0040B00EB48
:1066C0000B030193334F1FE04FF0000808FA04F466
:1066D000AC4246D0FF2999BF05467446019DAEF1F4
:1066E00020042B6809FA04F623EA06030BFA04F4E3
:1066F00023432B60C36823EA0103C36001320EF118
:10670000040E3CFA02F341D00AFA02F313EA0C0138
:10671000F4D022F0030303F1804303F580339D6836
:1067200002F00304A40009FA04F63540DFF868809B
:106730004045C9D008F5806840450CD008F5806810
:1067400040450BD008F58068404514BF4FF0040861
:106750004FF00308BAE74FF00108B7E74FF002081F
:10676000B4E73C6824EA01043C607C6824EA010444
:106770007C60FC6824EA0104FC60BC6824EA010433
:10678000BC609C6824EA06049C60A3E703B0BDE8F3
:10679000F08F704700040140000801400AB1016118
:1067A0007047090401617047014B01221A6270476A
:1067B00000000E422DE9F04182B00446036813F058
:1067C000010F36D03F4BDB6913F0805F49D13D4B61
:1067D000DA6942F08052DA61DB6903F08053019399
:1067E000019B0125384B1B6813F4807F3BD0354B50
:1067F0001B6A13F4407313D0626802F440729A4229
:106800000ED0304A136A23F4407030490126C1F893
:1068100040640026C1F84064106213F0010F36D1C5
:10682000284A136A23F4407361680B431362002DF6
:106830003ED1236813F0020F06D0224A536823F496
:106840004043A1680B435360236813F0100F34D00A
:106850001C4A536823F48003E1680B435360002013
:106860002CE00025BEE7184A136843F480731360D8
:1068700000F06AFB0646144F3B6813F4807FB6D1E4
:1068800000F062FB801B6428F6D9032016E000F0BC
:106890005BFB06460B4F41F288383B6A13F0020F50
:1068A000BED100F051FB801B4045F6D9032005E026
:1068B000D36923F08053D361BBE7002002B0BDE869
:1068C000F08100BF00100240007000400000424212
:1068D000002800F001822DE9F04182B004460368EF
:1068E00013F0010F2CD09F4B5B6803F00C03042BBB
:1068F0001DD09C4B5B6803F00C03082B12D063681F
:10690000B3F5803F41D0002B55D103F1804303F50F
:1069100004331A6822F480321A601A6822F4802242
:106920001A6037E08F4B5B6813F4803FE7D08D4BE4
:106930001B6813F4003F03D06368002B00F0CE8186
:10694000236813F0020F75D0864B5B6813F00C0FB1
:106950005FD0844B5B6803F00C03082B54D0236991
:10696000002B00F08A80804B01221A6000F0ECFAC4
:1069700005467C4E336813F0020F75D100F0E4FA3F
:10698000401B0228F6D90320ADE1764A136843F490
:1069900080331360636843B300F0D6FA0546714E46
:1069A000336813F4003FCBD100F0CEFA401B6428CB
:1069B000F6D9032097E1B3F5A02F09D0694B1A68E7
:1069C00022F480321A601A6822F480221A60E1E709
:1069D00003F18043A3F53C331A6842F480221A6025
:1069E0001A6842F480321A60D4E700F0ADFA054626
:1069F0005C4E336813F4003FA2D000F0A5FA401BB0
:106A00006428F6D903206EE1564B5B6813F4803F8F
:106A1000A5D1544B1B6813F0020F03D02369012B3F
:106A200040F05E814F4A1368616923F0F80343EA3E
:106A3000C1031360236813F0080F3DD0A369002B36
:106A400066D0494B0122C3F8802400F07DFA054648
:106A5000444E736A13F0020F21D100F075FA401B07
:106A60000228F6D903203EE13E4A1368616923F00B
:106A7000F80343EAC1031360DCE73B4B00221A60D2
:106A800000F062FA0546374E336813F0020FD1D09A
:106A900000F05AFA401B0228F6D9032023E1334BB9
:106AA0001B68334AA2FB03235B0A019300BF019BCF
:106AB0005A1E0192002BF9D1236813F0040F00F045
:106AC0009B80284BDB6913F0805F34D1254BDA695A
:106AD00042F08052DA61DB6903F080530093009B3F
:106AE0000125244B1B6813F4807F26D0E368012B1B
:106AF00042D0002B58D103F1804303F504331A6AC6
:106B000022F001021A621A6A22F004021A6238E0C4
:106B1000154B0022C3F8802400F016FA0546114EEA
:106B2000736A13F0020FC7D000F00EFA401B022860
:106B3000F6D90320D7E00025D3E70E4A136843F4C3
:106B40008073136000F000FA06460A4F3B6813F4A6
:106B5000807FCBD100F0F8F9801B6428F6D90320A0
:106B6000C1E000BF001002400000424208000020C7
:106B7000D34D6210007000405E4A136A43F0010377
:106B80001362E36833B300F0DFF90646594F41F270
:106B900088383B6A13F0020F2DD100F0D5F9801B25
:106BA0004045F6D903209EE0052B09D0514B1A6AC7
:106BB00022F001021A621A6A22F004021A62E0E765
:106BC0004C4B1A6A42F004021A621A6A42F001023D
:106BD0001A62D6E700F0B8F90646464F41F2883807
:106BE0003B6A13F0020F06D000F0AEF9801B40455F
:106BF000F6D9032077E0E5B9E369002B72D03D4A6E
:106C0000526802F00C02082A56D0022B17D03A4BD9
:106C100000221A6600F098F90446364D2B6813F0EE
:106C2000007F47D000F090F9001B0228F6D903201E
:106C300059E0304AD36923F08053D361DCE72E4B0F
:106C400000221A6600F080F905462A4E336813F0D8
:106C5000007F06D000F078F9401B0228F6D9032007
:106C600041E0236AB3F5803F1AD022494A68236A7B
:106C7000606A034322F4741213434B601E4B0122DB
:106C80001A6600F061F904461A4D2B6813F0007F74
:106C90000ED100F059F9001B0228F6D9032022E09A
:106CA000144A536823F40033A1680B435360DCE7B4
:106CB000002018E0002016E0012B17D00D4B5B6878
:106CC00003F48031226A914212D103F47013606A96
:106CD000181A18BF012006E001207047012002E0C9
:106CE000012000E0002002B0BDE8F0810120FAE7B9
:106CF0000120F8E700100240000042420F4B5B68A1
:106D000003F00C02082A01D00D487047C3F38342F8
:106D10000C49885C13F4803F0BD0084B5B68084A31
:106D200002FB00F0C3F34043074AD35CB0FBF3F02F
:106D30007047064B03FB00F0704700BF0010024095
:106D400000127A00C09F0008BC9F000800093D00A7
:106D5000002800F0A2802DE9F0410D460446534B77
:106D60001B6803F007038B420BD2504A136823F0D1
:106D700007030B431360136803F007038B4240F0D3
:106D80008E80236813F0020F17D013F0040F04D085
:106D9000474A536843F4E0635360236813F0080FD5
:106DA00004D0434A536843F460535360404A5368E5
:106DB00023F0F003A1680B435360236813F0010F25
:106DC00031D06268012A20D0022A25D0384B1B68B6
:106DD00013F0020F65D036494B6823F003031343C9
:106DE0004B6000F0B1F80646314F41F288387B68BD
:106DF00003F00C036268B3EB820F14D000F0A4F828
:106E0000801B4045F3D9032045E0294B1B6813F450
:106E1000003FE0D101203EE0254B1B6813F0007FCE
:106E2000D9D1012037E0214B1B6803F00703AB42A7
:106E30000AD91E4A136823F007032B431360136813
:106E400003F00703AB422ED1236813F0040F06D0E2
:106E5000174A536823F4E063E1680B4353602368E7
:106E600013F0080F07D0124A5368216923F46053C6
:106E700043EAC1035360FFF741FF0D4B5B68C3F367
:106E800003130C4AD35CD8400B4B18600B4B1868AB
:106E900000F016F80020BDE8F081012070470120C5
:106EA000F9E70120F7E70120F5E700BF00200240E5
:106EB00000100240AC9F00080800002010000020D5
:106EC00010B504460E4B1A784FF47A73B3FBF2F305
:106ED0000C4A1068B0FBF3F0FFF7AEFA68B90F2C5C
:106EE00001D901200AE0002221464FF0FF30FFF7D0
:106EF0005FFA054B1C60002000E0012010BD00BFC0
:106F00000C000020080000201000002008B5074AEF
:106F1000136843F0100313600320FFF737FA0F20C4
:106F2000FFF7CEFFFFF7FAF9002008BD002002406E
:106F3000034A1168034B1B780B441360704700BF72
:106F4000A02C00200C000020014B1868704700BFE7
:106F5000A02C002038B50446FFF7F6FF0546B4F133
:106F6000FF3F02D0044B1B781C44FFF7EDFF401B92
:106F7000A042FAD338BD00BF0C00002011F0800FF2
:106F80000BD001F0070101EB810100EBC1001030D3
:106F900052B90273C3800020704701EB810100EBFE
:106FA000C10000F5A870F3E70122027303811B0CF6
:106FB0004381F0E738B5002864D0044690F8913258
:106FC000A3B1032384F8913200236371206801F098
:106FD00073F8234653F8040B0ECB01F05DF850B163
:106FE000022384F891320125284638BD80F890327A
:106FF00002F06EFEE5E70021206801F067F898BB1B
:10700000257925B32346224600214FF0010E08467C
:1070100082F811E01174D0741062506242F8280FA7
:107020008C460131A942F3D100210A4683F851214F
:1070300083F8501183F85321C3F86021C3F8642109
:10704000C3F868212833614501F10101EED12346DF
:1070500053F8040B0ECB01F03BF8054648B1022370
:1070600084F891320125BFE7022384F8913201258B
:10707000BAE700236373012384F89132206801F09A
:1070800066FBB1E70125AFE738B590F89032012BE8
:1070900011D00446012580F89052006801F003F8F1
:1070A0002946204602F021FF206801F04EFB002017
:1070B00084F8900238BD0220FCE790F89032012B52
:1070C0000CD010B50446012380F89032417300685B
:1070D00001F035FB002084F8900210BD02207047BB
:1070E0002DE9F04784B00546006801F032FB10F44A
:1070F000004F26D110F4806F40F04C8510F4804F83
:1071000040F0598510F4005F40F0618510F4805321
:1071100040F0678510F4006F40F0828510F4007F26
:1071200040F0CD8510F4807F00F04E852A68B2F8DB
:10713000443023F480731B041B0CA2F8443000F08D
:1071400043BD2868B0F8443013F4004F00F03C858C
:1071500040F68F7605F52678002751E003889BB22C
:1071600023F4E14323F070036FEA43436FEA534390
:107170009BB203802A68B2F850309BB2297C03EBA3
:10718000C10302EB4302B2F80434C3F30903EB6218
:107190006A6A1A446A623946284602F0CDFD6B7B62
:1071A0003BB3AB6A2BBB6B7B2A6843F08003A2F82E
:1071B0004C3000236B731CE0B0F850309BB295F854
:1071C000502103EBC20300EB4303B3F80C34C3F3C9
:1071D0000903C5F86C31B5F85621414601F031FE7E
:1071E0002A681388334043F080031380284602F056
:1071F0008FFD2868B0F8443013F4004F00F0E484A9
:10720000B0F84440A3B214F00F0440F0828013F0B1
:10721000100FA3D003889AB213F4006FCCD112F4EC
:10722000004FE6D0038823F070031B051B0D43F0CD
:10723000800303802868B0F850309BB295F8502145
:1072400003EBC20300EB4303B3F80C34C3F30903AD
:10725000C5F86C318BB1D5F8641171B1B5F8562110
:1072600001F0EFFDD5F86431D5F86C211344C5F871
:1072700064310021284602F053FD2A68138899B230
:1072800013F4006FB5D101F44051B1F5405FB0D0B7
:10729000B2F850309BB202F20C42D15AC1F309014C
:1072A000D152D5F860113E291ED9480911F01F0F9F
:1072B00008BF00F1FF30D15A89B241EA80216FEA5C
:1072C00041416FEA514189B2D1522A6813889BB279
:1072D00023F4804323F0700383F4405343F40043CA
:1072E00043F08003138084E739B9D15A6FEA4141F2
:1072F0006FEA514189B2D152E7E7480811F0010F16
:1073000018BF0130D15A89B241EA802189B2D152E5
:10731000DBE730F824301FFA83F913F4004F4AD129
:1073200019F0800F3FF465AF2A6832F824309BB221
:1073300023F4E14323F070036FEA43436FEA5343BE
:107340009BB222F8243004EB840305EBC303DB7CFF
:10735000012B00F0848119F4807F40F0F8812868C7
:10736000B0F850309BB204EB840205EBC202117CF2
:1073700004EB84024FEAC20E05EBC202D2F828C029
:10738000023303EBC10300EB4303B3F80094C9F3EA
:107390000909CC4540F2A084ACEB09039362516A21
:1073A00049445162D36A4B44D3620EF1100129441F
:1073B00001F0ECF91DE730F82430334043F080034E
:1073C00020F8243004EB840305EBC30393F85C310D
:1073D000002B45D12868B0F850309BB204EB8402F2
:1073E00005EBC20292F85021063303EBC20300EB17
:1073F0004303B3F800A4CAF3090ABAF1000F23D17A
:1074000004EB840305EBC303D3F86C215244C3F8A7
:107410006C21D3F864215244C3F86421D3F8683155
:1074200043B104EB840305EBC303D3F860319A4501
:1074300080F00B8104EB840305EBC30393F8501138
:10744000284602F06DFC6BE704EB840105EBC101FB
:107450005346B1F85621D1F8641101F0F2FCCFE7A0
:1074600004EB840305EBC30393F85331022B37D0AD
:1074700004EB840205EBC20292F85001296831F84E
:1074800020309BB223F4E04323F0700343F4004325
:1074900043F0C00321F82030286892F8502130F8DA
:1074A000223013F4804F00F0B480B0F850309BB21B
:1074B000023303EBC20300EB4303B3F800A4CAF3A7
:1074C000090ABAF1000F9BD004EB840105EBC1015E
:1074D0005346B1F85821D1F8641101F0B2FC8FE79E
:1074E00019F4804F4AD02A68B2F850309BB204EBAE
:1074F000840005EBC00090F85011023303EBC10388
:1075000002EB4303B3F800A4CAF3090AD0F86831C8
:107510005345C0F06084A3EB0A0304EB840005EB41
:10752000C000C0F86831002B00F05C8419F0400FF7
:1075300013D004EB840305EBC30393F850112A68BE
:1075400032F821309BB223F4E04323F0700343F47C
:10755000004343F0C00322F82130BAF1000F3FF49A
:107560004FAF04EB840105EBC1015346B1F858213C
:10757000D1F86411286801F064FC41E72A68B2F888
:1075800050309BB204EB840005EBC00090F8501122
:10759000063303EBC10302EB4303B3F800A4CAF3C1
:1075A000090AD0F868315345C0F02D84A3EB0A03D3
:1075B00004EB840005EBC000C0F86831002B00F03C
:1075C000298419F0400F13D104EB840305EBC303A6
:1075D00093F850112A6832F821309BB223F4E0432B
:1075E00023F0700343F4004343F0C00322F821303A
:1075F000BAF1000F3FF404AF04EB840105EBC101C5
:107600005346B1F85A21D1F86411286801F019FCE9
:10761000F6E6B0F850309BB2063303EBC20300EB42
:107620004303B3F800A4CAF3090ABAF1000F3FF408
:10763000E7AE04EB840105EBC1015346B1F85A21D2
:10764000D1F8641101F0FDFBDAE604EB840105EBEF
:10765000C10101F5A871286801F098F860E6631C83
:1076600003EB8303002245F8332004EB840305EB8E
:10767000C3031B7F03B319F0400F38D004EB84031E
:1076800005EBC3035B7C03BB2B68B3F8502092B2BD
:1076900004EB840105EBC101097C090103F20443F9
:1076A0001344CA5AC2F30902CA52CA5A6FEA424282
:1076B0006FEA524292B2CA5204EB840405EBC4044E
:1076C000217C284602F038FB93E5012BF4D12B688E
:1076D000B3F8501089B204EB840205EBC202127CAD
:1076E000120103F204430B440021D152E4E72A685B
:1076F00004EB840305EBC3035B7CBBB9B2F85030E9
:107700009BB204EB840105EBC101097C090102F283
:107710000C421A448B5AC3F309038B528B5A6FEAFB
:1077200043436FEA53439BB28B52C5E7012BC3D14E
:10773000B2F8500080B204EB840305EBC303197C5C
:10774000090102F20C4303440022CA52B4E719F0C3
:10775000400F00F036812A68B2F850309BB204EB3B
:10776000840105EBC101087C04EB840105EBC10138
:10777000D1F828C0023303EBC00302EB4303B3F894
:1077800000E4CEF3090EF44540F2AD82ACEB0E03FB
:107790008B6219F4804F7FD104EB840305EBC303A4
:1077A00093F83430012B00F0858004EB840405EB62
:1077B000C404217C2A6832F821309BB223F4E043D0
:1077C00023F0400383F0300343F4004343F080038D
:1077D00022F821300DE5B2F850309BB202F204429B
:1077E0001A440001135AC3F309031352135A6FEAE0
:1077F00043436FEA53439BB213522B6804EB84025A
:1078000005EBC202527C002A35D1B3F8502092B267
:1078100004EB840105EBC101097C090103F20C436F
:107820001A448B5AC3F309038B528B5A6FEA4343B2
:107830006FEA53439BB28B5204EB840305EBC30303
:10784000197C284602F078FA19F4804FADD004EB89
:10785000840305EBC303197C2A6832F821309BB2FC
:1078600023F4E04323F0700343F4404343F08003E8
:1078700022F8213099E7012ADED1B3F8501089B2FD
:1078800004EB840205EBC202127C120103F20C43EA
:107890000B440021D152CFE732F820309BB223F4C1
:1078A000E04323F0700343F4404343F0800322F8A5
:1078B000203071E704EB840305EBC3035A6A72447A
:1078C0005A62CA6A7244CA621A6B1B6A9A4231D3FC
:1078D00004EB840105EBC101D21A0A6304EB8402B4
:1078E00005EBC202527C002A4ED12A68B2F8501031
:1078F00089B202F204420A4404EB840105EBC1019F
:10790000097C0901505AC0F3090050523E2B24D97A
:107910004FEA531C13F01F0F08BF0CF1FF3C505AE5
:1079200080B240EA8C206FEA40406FEA504080B25B
:1079300050522BE03AB904EB840305EBC30383F800
:1079400034207346CAE704EB840305EBC30300212C
:1079500083F8341019631346C0E73BB9505A6FEAF5
:1079600040406FEA504080B250520FE04FEA530C53
:1079700013F0010F18BF0CF1010C505A80B240EA0D
:107980008C2080B2505201E0012A0AD004EB84011D
:1079900005EBC1019BB20A8B496A286800F0DFFE43
:1079A00003E72A68B2F8501089B202F204420A448E
:1079B00004EB840105EBC101097C090198B2505226
:1079C000E4E72A68B2F850309BB204EB840105EB7F
:1079D000C10191F810C004EB840105EBC101D1F89D
:1079E00028E003EBCC0302EB4303B3F80C04C0F331
:1079F00009008645C0F08E81AEEB00038B62002B40
:107A000000F08A8119F4804F0CD132F82C309BB2EF
:107A100023F4E04323F0700343F4404343F0800336
:107A200022F82C3004EB840305EBC30393F83430C5
:107A3000012B7FF4BAAE04EB840305EBC3035A6A4F
:107A400002445A62CA6A0244CA621A6B1B6A9A42A8
:107A500057D304EB840105EBC101D21A0A632868ED
:107A600004EB840205EBC202517C002975D1B0F809
:107A7000501089B204EB840205EBC20292F810C0E8
:107A80004FEA0C1C00F20C420A443CF80210C1F30D
:107A900009012CF802103E2B46D9580913F01F0F8C
:107AA00008BF00F1FF303CF8021089B241EA8021A2
:107AB0006FEA41416FEA514189B22CF802104EE061
:107AC000012B40F06881B2F8501089B202F20443F1
:107AD0000B444FEA0C1C002223F80C203BE1012A46
:107AE00040F05981B3F8502092B203F20C43134492
:107AF00004EB840205EBC202127C120100219952B0
:107B000049E13AB904EB840305EBC30383F834205D
:107B10000346A4E704EB840305EBC30300211963C8
:107B200083F8341013469AE74BB93CF802106FEA19
:107B300041416FEA514189B22CF802100FE0580818
:107B400013F0010F18BF01303CF8021089B241EA6E
:107B5000802189B22CF8021001E001290AD004EB3F
:107B6000840105EBC1019BB24A8B496A286800F089
:107B7000F6FD1AE6B0F850C01FFA8CFC04EB840244
:107B800005EBC202117C090100F20C42624498B27A
:107B90008852E4E72A68B2F8443023F480631B0477
:107BA0001B0CA2F84430284602F0D7F800212846E2
:107BB000FFF783FA08E02A68B2F8443023F48043E0
:107BC0001B041B0CA2F8443004B0BDE8F0872A68FF
:107BD000B2F8443023F400531B041B0CA2F84430C9
:107BE000F2E72A68B2F8403023F004031B041B0CB0
:107BF000A2F840302A68B2F8403023F008031B0492
:107C00001B0CA2F84030284602F0CAF82A68B2F8E5
:107C1000443023F480531B041B0CA2F84430D3E7F8
:107C20002F683846ADF102010DF10E060A4630F814
:107C3000044B22F8024FB242F9D1B7F8402092B279
:107C400042F00102A7F840202868B0F8402022F056
:107C500001021204120CA0F840202868B0F8442059
:107C600012F4806FFAD0B0F8442022F4806212043B
:107C7000120CA0F844202A6831F8020FD0520433C5
:107C8000202BF8D12A68B2F840309BB243F00803A9
:107C9000A2F840302A68B2F8443023F400631B0491
:107CA0001B0CA2F844302A68B2F840309BB243F073
:107CB0000403A2F84030284602F062F884E72A68FC
:107CC000B2F8443023F400731B041B0CA2F84430B8
:107CD000284602F03CF877E700239362284602F03A
:107CE0002BF8FFF786BA00238B6204EB840305EBC5
:107CF000C3035B7C002B3FF46EAD012B7FF49CAD86
:107D0000B2F8501089B202F204430B440001002281
:107D10001A5272E500238B6204EB840305EBC30364
:107D20005B7C002B7FF4CCAEB2F850309BB202F2F9
:107D300004421A444FEA0C1C32F80C30C3F3090316
:107D400022F80C3032F80C306FEA43436FEA5343A9
:107D50009BB222F80C302B6804EB840205EBC202C4
:107D6000527C002A7FF4BBAEB3F8502092B204EBF1
:107D7000840105EBC101097C090103F20C431A449B
:107D80008B5AC3F309038B528B5A6FEA43436FEA52
:107D900053439BB28B5204EB840305EBC303197C62
:107DA000284601F0C9FF19F4804F7FF4FEAC04EBC4
:107DB000840305EBC303197C2A6832F821309BB297
:107DC00023F4E04323F0700343F4404343F0800383
:107DD00022F82130E9E404EB840305EBC30300201F
:107DE000C3F8680132F821309BB223F4804323F0BA
:107DF000700383F4005343F4004343F0800322F8FC
:107E00002130FFF793BB04EB840305EBC303002091
:107E1000C3F8680132F821309BB223F4804323F089
:107E2000700383F4005343F4004343F0800322F8CB
:107E30002130FFF7C6BB10B50446084611F0800F8D
:107E400023D101F0070C0CEB8C0E04EBCE0E0EF5DB
:107E5000A871F4464FF0000E8CF851E100F00700D5
:107E600008700A61CB70022B04BF00230B7194F8D9
:107E70009032012B19D0012384F89032206800F051
:107E800038F9002084F8900210BD01F0070C0CEBCB
:107E90008C0104EBC10110310CEB8C0C04EBCC0C0D
:107EA0004FF0010E8CF811E0D8E70220ECE710B596
:107EB00004460B4611F0800F1FD101F0070202EBC0
:107EC000820100EBC10101F5A87102EB820200EB17
:107ED000C202002082F8510103F007030B7094F8EE
:107EE0009032012B17D0012384F89032206800F0E3
:107EF000C7FA002084F8900210BD01F0070202EBDF
:107F0000820100EBC101103102EB820200EBC202E0
:107F100001205074E0E70220EEE710B501F0070100
:107F200001EB810C00EBCC0CCCF86421CCF868316F
:107F30000024CCF86C418CF851418CF850110CF5B0
:107F4000A871006800F022FC204610BD01F0070176
:107F500001EB810100EBC100D0F86C01704710B556
:107F600001F0070101EB810C00EBCC0CCCF82420D4
:107F7000CCF8283001228CF83420CCF830300024A2
:107F8000CCF82C408CF811208CF810106146103180
:107F9000006800F0FBFB204610BD38B501F0070576
:107FA0000279AA4235D304460B4611F0800F1ED148
:107FB00001EB810100EBC10101F5A87103EB830323
:107FC00000EBC303002283F8512101238B700D7055
:107FD00094F89032012B1ED0012384F8903220684F
:107FE00000F037FB7DB1002084F8900238BD05EB2E
:107FF000850100EBC101103105EB850300EBC303E4
:1080000001225A74E1E704F52671206800F0A5FB0F
:10801000E9E70120EAE70220E8E70B46017903F0EF
:108020000F02914234D310B5044613F0800F21D1D2
:1080300003F0070202EB820100EBC10101F5A87118
:1080400002EB820200EBC202002082F85101002202
:108050008A7003F007030B7094F89032012B19D04B
:10806000012384F89032206800F018FB002084F887
:10807000900210BD03F0070202EB820100EBC10188
:10808000103102EB820200EBC20201205074DEE7E5
:10809000012070470220ECE784B004A800E90E003C
:1080A000002004B0704703460020A3F844004FF4BA
:1080B0003F42A3F840207047B0F8403023F47C538F
:1080C0005B045B0CA0F84030002070470020704734
:1080D00084B0844604A800E90E000123ACF84030C7
:1080E0000020ACF84000ACF84400ACF8500004B0FC
:1080F000704730B5034691F800E030F82E2092B278
:1081000022F4EC4222F0700292B2C878032803D81D
:10811000DFE800F0040B0F0701200BE042F40072CF
:1081200008E042F4C062002004E042F480620020D3
:1081300000E0002048F2800C42EA0C0223F82E20D6
:1081400091F800E033F82E2092B222F4E04222F0BF
:1081500070024EEA02024CEA020C23F82EC00A7B9F
:10816000002A40F0BD804A78BAB3B3F850E01FFA55
:108170008EFE0A7803EB021202F58062B1F806C0A7
:108180004FEA5C0C4FEA4C0C22F80EC00C7833F826
:10819000242012F0400F0CD033F8242092B222F4A5
:1081A000E04222F0700242F4004242F0C00223F8A2
:1081B0002420CA78012A097833F8212092B222F4C7
:1081C000E04222F0400218BF82F0200242F4004256
:1081D00042F0800223F8212030BDB3F850E01FFAAE
:1081E0008EFE0A7803EB021202F58162B1F806C036
:1081F0004FEA5C0C4FEA4C0C22F80EC0B3F850E08A
:108200001FFA8EFE0A7803EB021202F20C4232F8D9
:108210000EC0CCF3090C22F80EC00C693E2C36D9E6
:10822000650914F01F0F08BF05F1FF3532F80EC0C5
:108230001FFA8CFC4CEA852C6FEA4C4C6FEA5C4CC4
:108240001FFA8CFC22F80EC00C7833F8242012F4AC
:10825000804F0CD033F8242092B222F4E04222F076
:10826000700242F4404242F0800223F82420097850
:1082700031BB1A8892B222F4804222F0700282F45A
:10828000405242F4004242F080021A80A4E74CB906
:1082900032F80E406FEA44446FEA5444A4B222F824
:1082A0000E40D1E7650814F0010F18BF013532F810
:1082B0000E40A4B244EA8524A4B222F80E40C3E7DB
:1082C00033F8212092B222F4804222F0700282F42C
:1082D000005242F4004242F0800223F821207BE762
:1082E000CA78022A75D00C7833F8242092B222F48E
:1082F000E24222F0700242F4004242F0800223F88F
:108300002420B3F850E01FFA8EFE0A7803EB021225
:1083100002F58062B1F808C04FEA5C0C4FEA4C0CE1
:1083200022F80EC0B3F850E01FFA8EFE0A7803EB75
:10833000021202F58162B1F80AC04FEA5C0C4FEA02
:108340004C0C22F80EC04A78002A51D10C7833F830
:10835000242012F4804F0CD033F8242092B222F45F
:10836000E04222F0700242F4404242F0800223F8E0
:1083700024200C7833F8242012F0400F0CD033F86E
:10838000242092B222F4E04222F0700242F4004231
:1083900042F0C00223F824200C7833F8242092B253
:1083A00022F4804222F0700282F4405248F2800CA3
:1083B0004CEA020223F82420097833F8212092B2F3
:1083C00022F4E04222F040024CEA020C23F821C0E1
:1083D00002E70C7833F8242092B222F4E04222F033
:1083E000700242F4014242F0800223F8242088E720
:1083F0000C7833F8242012F4804F0CD033F824206A
:1084000092B222F4E04222F0700242F4404242F082
:10841000800223F824200C7833F8242012F0400F37
:108420000CD033F8242092B222F4E04222F0700201
:1084300042F4004242F0C00223F82420CA78012A04
:108440000C7833F8242092B222F4E04222F0400269
:1084500018BF82F0200242F4004242F0800223F86A
:108460002420097833F8212092B222F4804222F0AD
:10847000700242F4004242F0800223F82120ABE671
:108480000B7B002B46D14B7813B30A7830F822309F
:1084900013F0400F0CD030F822309BB223F4E043AD
:1084A00023F0700343F4004343F0C00320F822306C
:1084B0000A7830F822309BB223F4E04323F04003E3
:1084C00043F4004343F0800320F82230002070473B
:1084D0000A7830F8223013F4804F0CD030F8223074
:1084E0009BB223F4E04323F0700343F4404343F092
:1084F000800320F822300A7830F822309BB223F42F
:10850000804323F0700343F4004343F0800320F8DA
:108510002230DBE74B78002B4DD10A7830F822303F
:1085200013F4804F0CD030F822309BB223F4E04398
:1085300023F0700343F4404343F0800320F82230DB
:108540000A7830F8223013F0400F0CD030F8223087
:108550009BB223F4E04323F0700343F4004343F061
:10856000C00320F822300A7830F822309BB223F47E
:10857000E04323F0700343F4004343F0C00320F8CA
:10858000223091F800C030F82C309BB223F48043A5
:1085900023F0700348F28002134320F82C3009784E
:1085A00030F821309BB223F4E04323F040031A4318
:1085B00020F821208AE70A7830F8223013F4804F1F
:1085C0000CD030F822309BB223F4E04323F0700348
:1085D00043F4404343F0800320F822300A7830F817
:1085E000223013F0400F0CD030F822309BB223F42D
:1085F000E04323F0700343F4004343F0C00320F84A
:1086000022300A7830F822309BB223F4E04323F082
:10861000700343F4404343F0800320F8223091F884
:1086200000C030F82C309BB223F4E04323F0400329
:1086300048F28002134320F82C30097830F82130BA
:108640009BB223F4804323F070031A4320F82120C7
:108650003CE74B788BB10A7830F822309BB223F498
:10866000E04323F0400383F0100343F4004343F05E
:10867000800320F82230002070470A7830F822303A
:108680009BB223F4804323F0700383F4805343F4BC
:10869000004343F0800320F82230ECE70B7B002BF3
:1086A0004BD14B7833B30A7830F8223013F0400FB7
:1086B0000CD030F822309BB223F4E04323F0700357
:1086C00043F4004343F0C00320F82230CB78012B61
:1086D00033D00A7830F822309BB223F4E04323F001
:1086E000400383F0200343F4004343F0800320F869
:1086F000223022E00A7830F8223013F4804F0CD078
:1087000030F822309BB223F4E04323F0700343F4AB
:10871000404343F0800320F822300A7830F82230BA
:108720009BB223F4804323F0700383F4405343F45B
:10873000004343F0800320F822300020704711B935
:108740008023A0F84C3000207047002070470020A4
:108750007047B0F8440080B2704700207047013382
:1087600000EB420C0CF5806C62465B080DD00231C8
:108770000CEB830C11F8010C11F8023C43EA0023C6
:1087800022F8043B02316245F4D17047F8B5054642
:108790000C464B78012B3CD00A7B002A40F0158216
:1087A0008B690A69934286BF991A13460021A16119
:1087B000B0F8502092B22078000105F20C4111442B
:1087C000425AC2F3090242523E2B40F2E9815A0951
:1087D00013F01F0F08BF02F1FF32435A9BB243EA66
:1087E00082236FEA43436FEA53439BB2435222789A
:1087F00035F822309BB223F4804323F0700383F4D6
:10880000405343F4004343F0800325F82230002016
:10881000F8BD0A698E69964228BF16460B7BD3B114
:10882000CB78022B38D00B6A9B1B0B620B7830F88D
:10883000232012F0400F00F0A581B0F8502092B232
:1088400000F20C4111441A01B3B28B526289616982
:10885000FFF785FF0EE0B6B23346CA884969FFF7D5
:108860007EFFB5F8501089B22278120105F2044358
:108870000B44D652227835F822309BB223F4E043E1
:1088800023F0400383F0300343F4004343F08003BC
:1088900025F822300020BBE70B6A9A4280F0548111
:1088A0000A7830F822309BB223F4E04323F07003BF
:1088B00043F4014343F0800320F822300B6A9B1BF2
:1088C0000B620B7830F8232012F0400F00F09E80EE
:1088D0004A78002A32D1B0F8501089B200F20C4226
:1088E0000A441B01D15AC1F30901D1523E2E10D9BD
:1088F000700916F01F0F08BF00F1FF30D15A89B27E
:1089000041EA80216FEA41416FEA514189B2D15277
:1089100016E03EB9D15A6FEA41416FEA514189B23E
:10892000D1520DE0700816F0010F18BF0130D15A76
:1089300089B241EA802189B2D15201E0012A32D0C4
:10894000B3B2628961692846FFF709FF636933445E
:108950006361236A2269934286BF9A1B33460022D1
:1089600022626278002A3DD1B5F8501089B2207891
:10897000000105F204420A44815AC1F309018152FF
:108980003E2B1AD95E0913F01F0F08BF06F1FF3600
:10899000815A89B241EA86216FEA41416FEA514129
:1089A00089B2815220E0B0F8501089B200F20C4236
:1089B0000A441B01B1B2D152C2E73BB9815A6FEAF6
:1089C00041416FEA514189B281520DE05E0813F0D6
:1089D000010F18BF0136815A89B241EA862189B256
:1089E000815201E0012A06D09BB2228961692846A2
:1089F000FFF7B5FE3EE7B5F8500080B221780901D7
:108A000005F20442024498B28852EDE74A78002AFF
:108A100032D1B0F8501089B200F204420A441B016E
:108A2000D15AC1F30901D1523E2E10D9700916F066
:108A30001F0F08BF00F1FF30D15A89B241EA8021EF
:108A40006FEA41416FEA514189B2D15216E03EB915
:108A5000D15A6FEA41416FEA514189B2D1520DE0DA
:108A6000700816F0010F18BF0130D15A89B241EADF
:108A7000802189B2D15201E0012A32D0B3B22289D9
:108A800061692846FFF76BFE636933446361236ABB
:108A90002269934286BF9A1B334600222262627883
:108AA000002A3DD1B5F8501089B22078000105F2B6
:108AB0000C420A44815AC1F3090181523E2B1AD952
:108AC0005E0913F01F0F08BF06F1FF36815A89B205
:108AD00041EA86216FEA41416FEA514189B28152F0
:108AE00020E0B0F8501089B200F204420A441B01A1
:108AF000B1B2D152C2E73BB9815A6FEA41416FEA44
:108B0000514189B281520DE05E0813F0010F18BF88
:108B10000136815A89B241EA862189B2815201E047
:108B2000012A06D09BB2628961692846FFF717FEC9
:108B3000A0E6B5F8500080B22178090105F20C4298
:108B4000024498B28852EDE7097830F8212092B2B9
:108B500022F4E24222F0700242F4004242F080022B
:108B600020F82120B0F8500080B22178090105F2E8
:108B7000044202449BB28B52228961692846FFF766
:108B8000EEFD77E6B0F8502092B200F204411144B5
:108B90001A01B3B28B5222896169FFF7E0FD69E6E1
:108BA0003BB9435A6FEA43436FEA53439BB2435284
:108BB0001DE65A0813F0010F18BF0132435A9BB249
:108BC00043EA82239BB2435211E6CA78022A4BD071
:108BD000012A40F034818A6909698A4286BF501AA5
:108BE0000A460020A061002B7FF401AEB5F85000CA
:108BF00080B22178090105F204430344C85AC0F346
:108C00000900C8523E2A40F2C780560912F01F07D9
:108C10000CBF06F1FF3CB446C85A80B240EA8C2033
:108C20006FEA40406FEA504080B2C8526378002B30
:108C300040F0F780B5F850309BB205F20C421A4470
:108C400021780901535AC3F309035352002F00F04E
:108C5000E680535A9BB243EA86236FEA43436FEAA6
:108C600053439BB25352C2E5002B40D1B0F8501091
:108C700089B22278120100F204430B44D15AC1F3A5
:108C80000901D15221693E294FD9480911F01F0F1E
:108C900008BF00F1FF30D15A89B241EA80216FEA62
:108CA00041416FEA514189B2D1526378002B66D1BC
:108CB000B5F8501089B22278120105F20C430B442A
:108CC000D15AC1F30901D15221693E2942D948093B
:108CD00011F01F0F08BF00F1FF30D15A89B241EAED
:108CE00080216FEA41416FEA514189B2D152E36973
:108CF000002B3FF47CAD227835F8221044F240037B
:108D000003EA01008B4302D000287FF470AD35F8F0
:108D100022309BB223F4E04323F0700343F400437A
:108D200043F0C00325F8223061E539B9D15A6FEA22
:108D300041416FEA514189B2D152B6E7480811F07A
:108D4000010F18BF0130D15A89B241EA802189B29E
:108D5000D152AAE739B9D15A6FEA41416FEA51417C
:108D600089B2D152C3E7480811F0010F18BF013092
:108D7000D15A89B241EA802189B2D152B7E7012B99
:108D8000B5D1B5F8501089B22278120105F20C4322
:108D90000B44218AD152AAE7EAB9C85A6FEA404087
:108DA0006FEA504080B2C8526378002B39D1B5F8D1
:108DB00050309BB205F20C411944227812018B5AB3
:108DC000C3F309038B528B5A6FEA43436FEA534351
:108DD0009BB28B520BE5560812F0010714BF06F147
:108DE000010CB446C85A80B240EA8C2080B2C85206
:108DF0006378B3B9B5F850309BB205F20C421A440F
:108E000021780901535AC3F30903535207B10136BC
:108E1000535A9BB243EA86239BB25352E7E4013E86
:108E200017E7012B7FF4E3ACB5F850309BB2217803
:108E300003F20C4303EB011392B2EA52D7E4012090
:108E4000E6E430B500EB420000F580645D0814D024
:108E500001F1020C2046AE4630F8042B92B20CF819
:108E6000022C120A0CF8012C0CF1020CBEF1010EBE
:108E7000F2D101EB450104EB850413F0010F1CBF97
:108E800023880B7030BDD0F8BC3283B110B5D0F858
:108E9000B84294F80002FF2807D09B6894F801229A
:108EA00021469847FF2384F80032002010BD00209F
:108EB000704700004323038000487047580000209B
:108EC00043230380004870479C0000204323038015
:108ED00000487047140000200A23038000487047B0
:108EE0001801002038B50446D0F8B85200F0F2FF5F
:108EF000C5F80C02D4F8B8324BB1D4F8BC32DB68F8
:108F000005F50371D5F804029847002038BD02200A
:108F1000FCE7D0F8B82212B310B5D0F8C04201EB8C
:108F2000810300EB8303DB694BB101EB810C04EBA4
:108F3000CC04246AB3FBF4FC04FB1C331BB10020FB
:108F4000C2F8140210BD01EB810300EB830300247F
:108F5000DC612346224600F0ADFF2046F2E7022006
:108F60007047F0B583B006460C46D0F8B8720023BF
:108F70008DF80730ADF804300B7813F0600527D07A
:108F8000202D53D1CA88DAB113F0800F0CD0D0F85D
:108F9000BC329B68394660789847E288394630464B
:108FA00000F061FD002544E04B7887F80032CB8863
:108FB00087F80132CA88394600F06AFD002538E09A
:108FC000D0F8BC329B68002248789847002530E0F2
:108FD0004F780A2F10D00B2F1CD01FBB90F89C325B
:108FE000032B03D000F051FA022522E0022201A94E
:108FF00000F039FD3D461CE090F89C32032B03D075
:1090000000F043FA022514E001220DF1070100F0FF
:109010002AFD0EE090F89C32032B0AD000F035FABE
:10902000022506E000F031FA022502E000F02DFAF8
:109030000225284603B0F0BD38B50446812100F072
:109040000AFF0025E5620121204600F004FFC4F874
:109050006C518221204600F0FEFE2564D4F8B8321F
:109060004BB1D4F8BC325B689847D4F8B80200F032
:109070003BFFC4F8B852002038BD70B50446037CED
:10908000A3BB4FF400730222812100F0D9FE01211D
:10909000E1624FF400730222204600F0D1FE012568
:1090A000C4F86C51082303228221204600F0C8FE38
:1090B00025644FF4077000F013FF0546C4F8B802AA
:1090C00050B3D4F8BC321B6898470023C5F814325B
:1090D000C5F81832267CB6B94FF40073D5F80422CF
:1090E0000121204600F0EEFE304670BD40230222F2
:1090F000812100F0A5FE0121E162402302222046E9
:1091000000F09EFECBE74023D5F804220121204643
:1091100000F0D8FE0026E7E70126E5E719B1C0F820
:10912000BC120020704702207047D0F8B832C3F854
:109130000812C3F8102200207047D0F8B832C3F8E4
:10914000041200207047D0F8B8229AB108B5D2F8BE
:1091500014320BB1012008BD0123C2F81432D2F839
:10916000103203639BB2D2F80822812100F0A2FEE4
:109170000020F0E70220704710B5D0F8B82292B175
:10918000047C44B94FF40073D2F80422012100F0AA
:1091900099FE204610BD4023D2F80422012100F0A0
:1091A00091FE0024F5E70224F3E798B108B50346E1
:1091B000D0F8B40210B10020C3F8B40209B1C3F86A
:1091C000B012012183F89C121A70184600F0EEFDCF
:1091D000002008BD0220704719B1C0F8B412002069
:1091E00070470220704708B500F022FE002008BD3D
:1091F00008B5D0F8B43233B11B689847003818BFAF
:109200000120400008BD0220FCE708B5D0F8B432C8
:109210005B689847002008BD38B5044600F52A75FC
:10922000284600F01EF90123C4F89432B4F8AE3297
:10923000C4F8983294F8A81201F01F03012B08D04B
:10924000022B0BD07BB92946204600F029F90020DB
:1092500038BD2946204600F0DBFAF8E729462046CB
:1092600000F006FBF3E701F08001204600F0FBFD73
:10927000EDE738B504460D4681BB1346D0F894227D
:10928000032A03D0052A22D0084631E0D0F8601125
:10929000D0F8642191420BD9891AC0F860118A4232
:1092A0008CBF8AB292B2194600F001FC28461FE03A
:1092B000D0F8B4321B691BB190F89C22032A04D069
:1092C000204600F0FCFB284612E09847F8E7002112
:1092D000C0F8941200F0C7FD284609E0D0F8B43277
:1092E0009B6933B190F89C22032A04D1984700204F
:1092F00038BD0220FCE70220FAE738B504460D46E7
:10930000002953D11346D0F89422022A08D032F013
:10931000040342D094F8A032012B42D0284638BD35
:10932000026A416A8A421BD8C269B2FBF1F301FBAF
:1093300013232BB9914203D8D0F898329A421CD308
:10934000D4F8B432DB681BB194F89C22032A21D0F4
:109350008021204600F087FD204600F0BBFBD9E7C6
:10936000521A026292B2194600F08AFB00231A4692
:109370001946204600F0A6FDCCE70022114600F079
:109380007FFB0021C4F898120B460A46204600F0E5
:1093900099FDBFE720469847DAE7802100F063FD9A
:1093A000B8E7002384F8A0322846B8E7D0F8B432F2
:1093B0005B6933B190F89C22032A04D198470020BE
:1093C000ADE70220ABE70220A9E770B504464023D1
:1093D0000022114600F034FD0125C4F85851402602
:1093E000C4F86461334600228021204600F028FD45
:1093F000A561666284F89C520023C4F894326360CD
:10940000C4F8A432D4F8B8322BB1D4F8B4325B68C3
:10941000002120469847002070BD0174002070474D
:1094200090F89C3280F89D32042380F89C32002012
:10943000704790F89C32042B04BF90F89D3280F85E
:109440009C320020704708B590F89C32032B01D065
:10945000002008BDD0F8B432DB69002BF8D0984763
:10946000F6E70B7803704B784370CA788B7803EB80
:10947000022343804A790B7903EB02238380CA7964
:109480008B7903EB0223C380704710B5044680211B
:1094900000F0E9FC0021204600F0E5FC10BD0000D2
:1094A00030B583B005460C460B7803F06003202BE3
:1094B00005D0402B03D05BB1FFF7E7FF05E0D5F8FF
:1094C000B4329B68214628469847002003B030BD3F
:1094D0004B78092B00F29781DFE813F05F018301DD
:1094E00095017A019501C9000A0095014001EE003D
:1094F0000023ADF806304A88130A013B062B00F220
:10950000A480DFE803F004182CA2A2869300D0F810
:10951000B0321B680DF10601007C9847BDF806309B
:10952000002B00F09F80E288002A40F092802846BD
:1095300000F0C5FAC9E7037C43B9D0F8B4329B6A9E
:109540000DF10600984702234370E7E7D0F8B432E4
:10955000DB6A0DF10600984702234370DEE7D2B2C2
:10956000052A52D8DFE802F003101D2A3744D0F84C
:10957000B0325B6823B10DF10601007C9847CDE75E
:109580002146FFF782FFA0E7D0F8B0329B6823B1F5
:109590000DF10601007C9847C0E72146FFF775FFF3
:1095A00093E7D0F8B032DB6823B10DF10601007CFF
:1095B0009847B3E72146FFF768FF86E7D0F8B03257
:1095C0001B6923B10DF10601007C9847A6E72146EF
:1095D000FFF75BFF79E7D0F8B0325B6923B10DF19B
:1095E0000601007C984799E72146FFF74EFF6CE79C
:1095F000D0F8B0329B6923B10DF10601007C984789
:109600008CE72146FFF741FF5FE72146FFF73DFF6B
:109610005BE7037C33B9D0F8B4325B6B0DF1060025
:1096200098477BE72146FFF730FF4EE7037C43B9BD
:10963000D0F8B4321B6B0DF1060098470723437036
:109640006CE72146FFF721FF3FE72146FFF71DFFAB
:109650003BE79A4228BF1A46ADF806200146284645
:1096600000F001FAE388002B7FF42FAF5FE78B88CF
:10967000EBB9CB88DBB94B887F2B18D890F89C22AC
:10968000032A0DD0DCB280F89E42214600F00AFC8D
:10969000284600F014FA34B1022385F89C3214E70E
:1096A000FFF7F3FE11E7012385F89C320DE7214611
:1096B0002846FFF7EAFE08E78B78544A1370012B1F
:1096C0000DD890F89C22022A0CD0032A20D0FFF754
:1096D000DCFE4E4B19782846FFF797FDF5E6FFF7BD
:1096E000D4FEF2E68BB101214160032380F89C3265
:1096F000FFF77EFD022803D0284600F0E0F9E4E6FB
:1097000021462846FFF7C1FEDFE600F0D8F9DCE687
:109710008BB1416801291ED0C9B2FFF776FD3B4BE2
:10972000197869602846FFF763FD02280ED02846A5
:1097300000F0C5F9C9E6022380F89C32002141609F
:10974000FFF763FD284600F0BAF9BEE62146284639
:10975000FFF79BFEB9E600F0B2F9B6E6CB88012B25
:109760000AD190F89C32022B09D9032B10D1012287
:10977000011D00F078F9A8E6FFF787FEA5E63BB1EA
:109780000146002341F8083F012200F06CF99CE6F5
:1097900021462846FFF779FE97E690F89C32013B78
:1097A000022B12D8CB88022B0CD1D0F8A432002B7C
:1097B0000CBF01230323014641F80C3F022200F0B5
:1097C00052F982E6FFF761FE7FE6FFF75EFE7CE678
:1097D0004B88012B7FF479AEC0F8A43200F06FF90A
:1097E00073E690F89C32013B022B09D84B88012B81
:1097F0007FF46BAE0023C0F8A43200F060F964E699
:10980000FFF743FE61E6FFF740FE5EE6A42C002072
:1098100038B505460C460B7813F0400F07D003F01F
:109820006002402A03D0FFF730FE002038BD95F8D3
:109830009C32013B022B16D82379012B0ED8D5F888
:10984000B4329B68214628469847E388002BECD128
:109850000028EAD1284600F032F9E6E721462846FA
:10986000FFF713FEE1E721462846FFF70EFEDCE78F
:1098700038B504468A880B7803F06003202B05D0A6
:10988000402B03D04BB1FFF700FE04E0D4F8B43214
:109890009B6820469847002038BDD0B24B78012BFA
:1098A00031D0032B05D0002B56D02046FFF7EDFD1D
:1098B000F1E794F89C32022B05D0032B13D02046FD
:1098C000FFF7E3FDE7E710F07F0F08D001462046E1
:1098D00000F0C9FA8021204600F0C5FADBE72046F7
:1098E000FFF7D3FDD7E74B8823B910F07F0F01D0E6
:1098F000CB881BB1204600F0E2F8CCE701462046B9
:1099000000F0B1FAF6E794F89C32022B05D0032B55
:1099100013D02046FFF7B9FDBDE710F07F0F08D048
:109920000146204600F09FFA8021204600F09BFA75
:10993000B1E72046FFF7A9FDADE74B88002BAAD180
:1099400010F07F0F03D1204600F0B9F8A3E70146DD
:10995000204600F090FAF6E794F89C32022B05D0EE
:10996000032B18D02046FFF790FD94E710F07F0FEF
:1099700003D02046FFF789FD8DE712F0800F14BF5A
:1099800004F1140104F5AA7100230B6002222046A1
:1099900000F069F87FE712F0800F19D100F00F0393
:1099A00003EB830304EB8303D3F858316BB300F06C
:1099B0007F0303EB830304EB830505F5AA75C0B9A8
:1099C00000232B6002222946204600F04CF862E773
:1099D00000F00F0303EB830304EB83039B6983B164
:1099E00000F07F05013505EB850504EB8505802832
:1099F000E6D00146204600F046FA50B101232B6024
:109A0000E0E72046FFF741FD45E72046FFF73DFD33
:109A100041E700232B60D5E720B310B484460078DB
:109A200048B16346184613F8014F002CFAD1CCF127
:109A300001031844C0B240000230108008700323B4
:109A40004B709CF8000058B1022300245A1CD2B27B
:109A5000C8540233DBB28C541CF8010F0028F5D136
:109A600010BC7047704708B513460222C0F8942214
:109A7000C36103620A46002100F01CFA002008BD01
:109A800008B513460A46002100F014FA002008BD6C
:109A900008B513460322C0F89422C0F85C31C0F820
:109AA00060310A46002100F00DFA002008BD08B51B
:109AB00013460A46002100F005FA002008BD08B54B
:109AC0000423C0F8943200231A46194600F0F2F934
:109AD000002008BD08B50523C0F8943200231A46BB
:109AE000194600F0EFF9002008BD000008B500227B
:109AF0000F491048FFF759FB70B90F490D48FFF7A0
:109B00006BFB60B90D490B48FFF708FB50B90948DA
:109B1000FFF769FB48B908BDFBF76AFBEDE7FBF708
:109B200067FBEFE7FBF764FBF1E7FBF761FBF2E7AD
:109B300068010020A82C0020E00000202401002063
:109B40000020704738B504460968FBF7A7FF054DAC
:109B500021462846FFF7F1FA2846FFF70DFB0020C3
:109B600038BD00BFA82C0020222801D0002070475B
:109B700008B5488800F00101C0F34000FBF72EFF54
:109B8000002008BD10B5064C002206492046FFF70C
:109B9000CCFA05492046FFF7D0FA002010BD00BFDF
:109BA000A82C00206C2F00206C330020094BD3F828
:109BB000B832D3F814320BB10120704710B5054C00
:109BC0000A4601462046FFF7B0FA2046FFF7BBFAE7
:109BD00010BD00BFA82C002012230B800048704746
:109BE0005401002004230B800048704750010020DE
:109BF0008AB1013101EB42024FF0000C030FB0F1CA
:109C0000204F34BF3033373301F8013C000101F8F5
:109C100002CB9142F2D1704738B51A230B800C4B1E
:109C2000D3F8E807D3F8F037C01801D1094838BD98
:109C3000074BD3F8EC57084C08222146FFF7D8FF12
:109C4000042204F110012846FFF7D2FFEEE700BF1F
:109C500000F0FF1F340100203601002008B50A463D
:109C600002490348FFF7D8FE004808BD6C370020C2
:109C7000D09F000810B50A46034C21460348FFF761
:109C8000CBFE204610BD00BF6C370020E09F0008CF
:109C900008B50A4602490348FFF7BEFE004808BD62
:109CA0006C370020F09F000808B50A4602490348B7
:109CB000FFF7B2FE004808BD6C370020FC9F00088B
:109CC00020B102280CBF012002207047704700001D
:109CD00002680E4B9A4200D0704700B583B003F57E
:109CE000DA33DA6942F40002DA61DB6903F4000373
:109CF0000193019B002211461420FCF759FB14200C
:109D0000FCF78CFB03B05DF804FB00BF005C004077
:109D100008B500F52671D0F8D402FFF77DFA08BD2A
:109D200008B501EB810300EBC303D3F86421D0F83D
:109D3000D402FFF79EFA08BD08B501EB810300EBE2
:109D4000C3035A6AD0F8D402FFF7D7FA08BD08B5A2
:109D5000D0F8D402FFF777FB08BD10B5044683792D
:109D6000022B09D10121D4F8D402FFF756FBD4F815
:109D7000D402FFF72AFB10BDFBF73AFAF2E7000026
:109D800010B50446D0F8D402FFF74AFBA37A23B1FA
:109D9000024A136943F00603136110BD00ED00E0B1
:109DA00008B5D0F8D402FFF744FB08BD10B504464F
:109DB0001D48C0F8D442C4F8C0021C4B03600823FD
:109DC00003710223837100238372C3720373FDF74F
:109DD000F1F830BB182300221146D4F8C002FDF779
:109DE000CDF8582300228021D4F8C002FDF7C6F830
:109DF000C02300228121D4F8C002FDF7BFF84FF440
:109E0000887300220121D4F8C002FDF7B7F84FF49F
:109E1000807300228221D4F8C002FDF7AFF8002041
:109E200010BDFBF7E5F9D5E78C3B0020005C004056
:109E300008B5D0F8C002FDF727F9FFF741FF08BDCC
:109E400008B594461A466346D0F8C002FDF7F3FF02
:109E5000FFF736FF08BD08B5D0F8C002FEF727F8B7
:109E6000FFF72EFF08BD08B5D0F8C002FEF795F841
:109E7000FFF726FF08BD08B5D0F8C002FEF7CDF801
:109E8000FFF71EFF08BDD0F8C03211F0800F01F0BF
:109E90007F0101EB810103EBC10314BF987C93F8B0
:109EA0005201704708B5D0F8C002FDF706F9FFF778
:109EB00007FF08BD08B5D0F8C002FEF750F8FFF75D
:109EC000FFFE08BD08B5D0F8C002FEF726F8FFF780
:109ED000F7FE08BD08B5D0F8C002FEF737F808BD98
:109EE000004870476C39002070477047FCF74CFA07
:109EF0000B480C490C4A002302E0D458C4500433E8
:109F0000C4188C42F9D3094A094C002301E01360BC
:109F10000432A242FBD3FBF747F9FBF76DF9704718
:109F2000000000208401002014A00008840100200B
:109F3000643E0020FEE70A44914200F1FF3300D165
:109F4000704710B511F8014B914203F8014FF9D158
:109F500010BD0000F8B500BFF8BC08BC9E467047B5
:109F6000F8B500BFF8BC08BC9E4670474A4B4C2071
:109F7000474241204275726E65727C312E312E301F
:109F80007C73746D33327C626F6F74317C67626195
:109F90002C6762632C6672616D2C736563746F72DB
:109FA0002D65726173650000000000000000000074
:109FB0000000000001020304060708090102000076
:109FC00002030405060708090A0B0C0D0E0F1010FA
:109FD0004A4B4C20474241204275726E6572000028
:109FE000434E5920496E6475737472790000000005
:109FF00043444320436F6E66696700004344432037
:10A00000496E7465726661636500000075510008F1
:10A010004D510008A40100202017002000127A00F2
:10A02000010000001000000009074300020104C005
:10A03000320904000001020201000524001001059C
:10A040002401000104240202052406000107058200
:10A050000308001009040100020A000000070501BE
:10A060000240000007058102400000000902430091
:10A07000020100C0320904000001020201000524AF
:10A080000010010524010001042402020524060039
:10A09000010705820308001009040100020A0000FC
:10A0A0000007050102400000070581024000000092
:10A0B00009024300020100C032090400000102024B
:10A0C00001000524001001052401000104240202FE
:10A0D0000524060001070582030800100904010099
:10A0E000020A0000000705010200020007058102C4
:10A0F000000200007B90000839900008638F000880
:10A1000000000000878E0008138F0008E58E00080D
:10A11000000000000000000000000000C18E0008E8
:10A12000B58E0008CD8E0008D98E00080A06000200
:10A130000000004001000000859B0008419B0008D2
:10A14000699B0008459B00081A03000000000000FE
:10A1500000000000000000000000000000000000FF
:10A160000000000004030904120100020202004082
:10A17000830421070002010203010000D99B0008AB
:10A18000E59B0008759C00085D9C0008199C000870
:08A19000919C0008A99C000845
:020000040800F2
:10FC00004A4B4C4198510000A6254CA1000101002F
:00000001FF
